week_start,week_end,keyword,channel,channel_id,matched_videos,views,likeCount,commentCount,subscribers,channel_video_count,engagement
2025-08-01,2025-08-07,bibigo,Bibigo USA,UCxyNmVDF6KUAwWSKkFP4qaQ,1,1840,149,2,2070,79,151
2025-08-01,2025-08-07,bibigo,ChaMeed82 Vlogs,UCEBhH8ejjiJiHZYNe_l4ZPw,1,2168,9,3,15200,1538,12
2025-08-01,2025-08-07,bibigo,Costco Lovers Canada,UCXR23_PW81Pvi5rXo3SMQhQ,1,1066,8,0,716,1403,8
2025-08-01,2025-08-07,bibigo,FOOD CRAVINGS OFFICIAL,UCML6fhVlFrous3AOeM8VPyQ,1,30730,1557,7,11400,178,1564
2025-08-01,2025-08-07,bibigo,Food News Italia,UC-oQ8-fUBhOg7FsNMgu-yag,1,1351,20,0,224,95,20
2025-08-01,2025-08-07,bibigo,HARMONIC_CANVAS,UCub0iUtN86ip3C7Cw4cZfYA,1,556,4,2,40,79,6
2025-08-01,2025-08-07,bibigo,KARA CRAIG,UCaiXL2dHrB261yRTszBu_Wg,1,14817,1002,37,93800,877,1039
2025-08-01,2025-08-07,bibigo,Keluarga Diana,UC_SHjD6IMtNRWTlhj6d5liw,1,1093,20,0,18300,753,20
2025-08-01,2025-08-07,bibigo,Ly Ly,UCDiAa1RyDNLJ7UotpzrVG4Q,1,628,7,0,29,37,7
2025-08-01,2025-08-07,bibigo,MOONAI ASMR,UC3MsI46egbo7hoa98uwQZ4g,1,905,4,0,158,156,4
2025-08-01,2025-08-07,bibigo,Natasha Angel ü§ç,UCj2yaanh8XFczfRgC2asRhA,1,13859,853,1,21300,404,854
2025-08-01,2025-08-07,bibigo,Nathaniel Mitchell,UCOZhJtyp1s0CvKKbQnw1mnw,1,393,0,0,87,235,0
2025-08-01,2025-08-07,bibigo,OhTravelers,UCC-xNxDW40BqU0rmiYAYs5Q,1,1745,24,0,318,72,24
2025-08-01,2025-08-07,bibigo,One_Bite_Facts,UCuhLCSFNjKxREfvIt6zEXrg,1,1034,5,0,47,100,5
2025-08-01,2025-08-07,bibigo,Rabina&Manish,UC86L8FN00sozqs39AcXoBMQ,1,1638,16,0,256,210,16
2025-08-01,2025-08-07,bibigo,Sporked,UCBwdXhwxqb1js0u9KvA-oAw,1,30259,1264,133,99600,902,1397
2025-08-01,2025-08-07,bibigo,Vanessa Contreras,UCXDJfKykokTowoUpxzxf7Pg,1,2283,12,1,279,502,13
2025-08-01,2025-08-07,bibigo,Zoey Turner,UCvkDwNIZP1VmkbXbkSnYZZw,1,88,0,0,0,3,0
2025-08-01,2025-08-07,bibigo,bazachi. com,UCpdwlwPn6krS1e9Vr_3np1w,1,384,1,0,520,1725,1
2025-08-01,2025-08-07,bibigo,bigpapahannah,UCMDxvZhsgeE5IjeOKBQX5bQ,1,1391,75,5,3130,195,80
2025-08-01,2025-08-07,bibigo,chansdino.,UCpIRRVpq3hfAOP_vNWpwrJA,1,24,1,0,77,83,1
2025-08-01,2025-08-07,bibigo,gurlwithluv,UCNoWJVCCu9ZyjHTTDo7V6Dg,1,4498,145,1,8250,546,146
2025-08-01,2025-08-07,bibigo,jason callan,UCkMXTIdDGurA3Q43muBhvYQ,1,130,4,1,13800,16800,5
2025-08-01,2025-08-07,bibigo,magikal3star,UCoAbWNl0iYejUikD3dQIW-w,1,1739,8,5,19,18,13
2025-08-01,2025-08-07,bibigo,my home,UCI5FMMbmCsmhtfciwLl2Eqg,1,10,0,0,1,35,0
2025-08-01,2025-08-07,bibigo,shalyn,UCEGncTqIVheZWrfjQ6PJlSw,1,1031,14,0,45,45,14
2025-08-01,2025-08-07,bibigo,ÏôúÏÉÄÏßÄ?,UCH_H1cl90z7rVxFK_uH1bsQ,1,1972,2,0,54,32,2
2025-08-01,2025-08-07,buldak,Irene's Table,UCPnx1uHc2_cgb2BFkn8_61w,1,805,7,0,68,66,7
2025-08-01,2025-08-07,buldak, Binti,UC6bEf6rFNQLdkRXhpoSfovA,1,2219,9,0,172,79,9
2025-08-01,2025-08-07,buldak, ŸÇŸÜÿßŸá ŸäŸÑÿß ŸÜÿ¨ÿ±ÿ®,UCs9Hn-qrFs7-Nc-v4_wXFyA,1,6364,54,1,302,120,55
2025-08-01,2025-08-07,buldak,118o8,UCBU1rrfhs-Ydq_e1BseQurg,1,220,4,0,164,76,4
2025-08-01,2025-08-07,buldak,60sec kitchennn,UCiZNK3uR19e_WBlvuB08aZg,3,8265,96,9,151,48,105
2025-08-01,2025-08-07,buldak,916FAMBAM,UCqMDjQTst6DZp1rcbTWQHZw,1,692,16,3,59,61,19
2025-08-01,2025-08-07,buldak,@BTP ASMRüßø,UCnGOdHn0ENjriGfTiNL12ew,1,17082,0,5,1150,148,5
2025-08-01,2025-08-07,buldak,@daliy_did‚Äôs,UCs80WYkQ40I6tgAR3XSsqHQ,1,714,14,2,148,127,16
2025-08-01,2025-08-07,buldak,A NEW CHAPTER ,UCSc-rQOaqLXazaFYaluZGWA,1,200,7,1,19,21,8
2025-08-01,2025-08-07,buldak,ASMR Mbrella Studio,UCUWYDe-EvF8V2fWwUaUPKWg,1,1751,13,0,74,81,13
2025-08-01,2025-08-07,buldak,AZ creationüí´,UCaCk75PFIsEKhyhD95lWftw,1,85,1,0,30,87,1
2025-08-01,2025-08-07,buldak,Aaliya‚Äôs Cuisine,UCBJq2vJztc-TwYnhtVkisJg,1,1602,47,0,1480,1220,47
2025-08-01,2025-08-07,buldak,Aaron Yarbrough,UCVLWtYLZKAdcInt3xXw4oVA,1,630205,32544,402,217000,140,32946
2025-08-01,2025-08-07,buldak,Ada,UCf8T2yWG70n1oHtU_sKXjqg,1,1134,14,2,351,288,16
2025-08-01,2025-08-07,buldak,AiLusion Studio,UCAO2-qDFJR8a5t9D5A5osYw,1,780,12,0,110,111,12
2025-08-01,2025-08-07,buldak,Aismr glow,UCnO3rUV5NfSTMnckggI8k3Q,1,1937,28,3,3410,72,31
2025-08-01,2025-08-07,buldak,Alivia Donai ,UCFLrwzF6qPrj3J3G5c9bmmA,1,3031579,102878,672,894000,181,103550
2025-08-01,2025-08-07,buldak,All of Alisha,UC42Hjavqeao9GVYS-4tShLw,1,1779,25,1,794,163,26
2025-08-01,2025-08-07,buldak,Allrecipes,UC4tAgeVdaNB5vD_mBoxg50w,1,63170,1499,51,2510000,4799,1550
2025-08-01,2025-08-07,buldak,Amanüòã,UCN9Lcxihfc_O1m1gxeHVqPw,1,40,1,0,1160,1359,1
2025-08-01,2025-08-07,buldak,Amber ,UCwrjkVthvMRQ-d4lQiu0Evg,1,2161,15,2,1050,141,17
2025-08-01,2025-08-07,buldak,Amy Lee,UCwGsUwUP4ZKMKY2in1BEvRw,1,749,6,0,27,120,6
2025-08-01,2025-08-07,buldak,Ana Palacio,UCXrBtFiEJ73gbZOS-suQI8Q,1,13688,970,6,807,25,976
2025-08-01,2025-08-07,buldak,Andrea Torres,UCnMij6TJEmu09MbL9AchZxA,1,2367,18,1,18,32,19
2025-08-01,2025-08-07,buldak,Angelique Rodriguez,UC-rU5srXFHch4Y8n7giMSOQ,1,4,0,0,14,175,0
2025-08-01,2025-08-07,buldak,AnjuThapa # foodie üòã,UCj6ixQrASmEMH1wN1seopZQ,1,1071,9,0,265,320,9
2025-08-01,2025-08-07,buldak,Anshi_vlog verse,UCl9og2wGGg15gk5zgcdwzYQ,1,3298,69,3,84,6,72
2025-08-01,2025-08-07,buldak,Anto,UCA5gDT6HotOluF-MU2D-7_Q,1,1785,20,6,4,2,26
2025-08-01,2025-08-07,buldak,Anxiety Doll,UCrfazZkwgZlGisUMXoXs0pg,1,28255,139,49,10900,537,188
2025-08-01,2025-08-07,buldak,Archimedes X1 STEM,UCyTRNMjK2JuYuDQjcB1oMpA,1,80,5,3,10,10,8
2025-08-01,2025-08-07,buldak,Artsybyher,UCH2S4Ta89_aFs_2vyuFsE0A,1,7823,60,2,41,32,62
2025-08-01,2025-08-07,buldak,Asia Yum,UC8oIaMA7KvWpdOpioU_iP-Q,1,678,2,0,70,48,2
2025-08-01,2025-08-07,buldak,At the Family Table,UCJSBzEMm6CPOUFN_6LDKuew,1,2528,50,4,2390,130,54
2025-08-01,2025-08-07,buldak,Avoiding Stress,UCg7k86xhD9iQNtSEz2EvgFQ,1,0,0,0,16,75,0
2025-08-01,2025-08-07,buldak,B.D,UCmaNYM3Gy2OKnjVLQ77Wc0g,1,9975,100,2,132000,11,102
2025-08-01,2025-08-07,buldak,BRYKHEN VLOG,UCcsPErQXg_wxbGFNVbuIVew,1,100,1,0,4080,1184,1
2025-08-01,2025-08-07,buldak,Bachu Bachu,UCLVMpD2oKimTfi4KM30f1lQ,1,828,14,2,41,27,16
2025-08-01,2025-08-07,buldak,BaddieEats,UCDr239GDKMOi11c_RFV7aGw,1,7653,118,9,73400,45,127
2025-08-01,2025-08-07,buldak,BeetleMeJuice,UCsEkbricr81-sVMe6RanC0A,1,1089,17,2,42,74,19
2025-08-01,2025-08-07,buldak,Best food,UCzLecMWe6cpAYHCG9NpbrUA,1,955,6,0,11,54,6
2025-08-01,2025-08-07,buldak,Big Back Ben,UCaQBgKI81AFkolVSefRCLuA,1,2180,15,2,105,8,17
2025-08-01,2025-08-07,buldak,Blissful Noodle ASMR,UC8MDs8DbM3B4bKFqEz-trdw,1,1792,25,0,670,174,25
2025-08-01,2025-08-07,buldak,Bloom Tunes,UCXCHpKTuubNNFQkCF9HlBjQ,1,1830,22,0,35,14,22
2025-08-01,2025-08-07,buldak,Buldak Official,UCr_12XWor63n79-cbWg-N3Q,1,2913,28,1,346000,449,29
2025-08-01,2025-08-07,buldak,Burning Marcel,UCYImO1S4rdJ4VctkHc5uMDQ,2,3373,24,6,1790,614,30
2025-08-01,2025-08-07,buldak,COMBOBITE,UCm507ppr-tiXf463fmAwNxw,2,24399,1044,8,796,53,1052
2025-08-01,2025-08-07,buldak,Cabreranali,UCVLBmLfeIC7AcEosTqOSdqw,2,36,2,0,19,152,2
2025-08-01,2025-08-07,buldak,Charge Below 10 Percent,UCaT3OjVHMjHhphtT0y-zhDw,1,1838,16,2,125,49,18
2025-08-01,2025-08-07,buldak,Chef Me Not,UC5NThkb-6nIWco4OBfDkogA,1,2684,26,1,487,248,27
2025-08-01,2025-08-07,buldak,Choetina,UCJ6Ze1ZDfoKAD0ribxzb-hQ,1,30096,1580,24,7580,207,1604
2025-08-01,2025-08-07,buldak,Chong and Pat,UCr9Xs78hMyF4UT_dazFV5Kw,1,4198,233,1,49600,501,234
2025-08-01,2025-08-07,buldak,Chris Parayno,UC-WNzyemqDHw7jvY3zmJ9nw,1,2016,12,0,1320,831,12
2025-08-01,2025-08-07,buldak,CityScope,UCPyQ1CQ5HlUeQwNoAj3Id9g,1,2076,20,0,77,251,20
2025-08-01,2025-08-07,buldak,Claude Flanagan,UC2t6UzJEhmy80fo_jHgL9fA,1,6150,168,4,40,88,172
2025-08-01,2025-08-07,buldak,Coco__shady,UCmqkuJ_eI4be_UDch7BVMOA,1,5683,249,18,341,24,267
2025-08-01,2025-08-07,buldak,Comida con historia ,UCQTaBw25VcCo1r_00doodBA,1,1285,20,0,1530,252,20
2025-08-01,2025-08-07,buldak,Cook With Mamy,UCZ4g1AyZ0QvZlC7KuNKn6vA,1,25,1,1,97,175,2
2025-08-01,2025-08-07,buldak,Cook With Shaziya,UCt_McNUbzPF5nAWFzyybqlw,1,31749,750,7,2160,458,757
2025-08-01,2025-08-07,buldak,Cook with Zeo,UCO7W4PMJFRK4XaCxjnl6DWg,1,4226,39,0,196,32,39
2025-08-01,2025-08-07,buldak,Cooking by Rubina,UCndLKS44GKC4pFOwh3s1BVg,1,2,0,0,0,1,0
2025-08-01,2025-08-07,buldak,Core Chum,UCUxAbkYRW95dRDNS7AO7saA,1,1564,19,1,15700,483,20
2025-08-01,2025-08-07,buldak,CrybabyToEarthling,UCNI5Bexypshn0ggQjnK9TEQ,1,1852,20,0,457,276,20
2025-08-01,2025-08-07,buldak,Crystal,UCbPbRHtH7xjvg4y2j6m0xMA,1,2406,56,4,136,32,60
2025-08-01,2025-08-07,buldak,Cuslicious Bites,UCoaJ1dW5PW4RRcBYk4wjq3g,1,91,7,0,1070,109,7
2025-08-01,2025-08-07,buldak,Cutie Pie Pinky Doll,UCcn2qkYMq5ysHs_0wzbOv7A,1,123,2,0,1050,167,2
2025-08-01,2025-08-07,buldak,DCCOnline,UC-VIFplfnB3O2lCYA81MDMQ,1,1195,13,0,3,3,13
2025-08-01,2025-08-07,buldak,DUI GUMJA VLOGS,UCsCSIeNR1-3toFLUZplpvcw,1,727,67,32,411,30,99
2025-08-01,2025-08-07,buldak,Deil World,UC5Wl9S-esj7Cb3wi4brpJig,2,54937,2249,11,6970,81,2260
2025-08-01,2025-08-07,buldak,Delia and Lexie‚Äôs Kandi,UCtso_6N3P0ZfTVwEP7TyLCg,1,1107,8,0,30,74,8
2025-08-01,2025-08-07,buldak,Deserae Sanchez,UC8lagMv7R30AjAJ6Ek3jCEg,1,334,2,0,0,1,2
2025-08-01,2025-08-07,buldak,Diana_n_AnnaüéÄüå∏,UCjbR54fXFINHFvn397NlRUA,2,34242,570,59,1080,111,629
2025-08-01,2025-08-07,buldak,Diane Mattos,UCOStOfLttqvCw1rGJJQ8Kvg,1,1104,7,0,1,81,7
2025-08-01,2025-08-07,buldak,Dimplesmichelle,UCxY25exZQ6k1Dp5jTyaslqg,2,5369,70,2,1970,457,72
2025-08-01,2025-08-07,buldak,Diyana Bhat,UCL5OgYjuCfk93E1edYQ_HJg,1,816,20,8,59,2,28
2025-08-01,2025-08-07,buldak,DumDum,UCuBUWpWfEa4xTce2weqJsBQ,1,4896,239,2,2130,353,241
2025-08-01,2025-08-07,buldak,Dumb Cook Diaries,UCjgFSEnvfAiLFRaapmvN23w,4,256059,4626,24,2950,161,4650
2025-08-01,2025-08-07,buldak,Dungeons and Dragons with Dave,UCImKdzfGeFsnQFkTKuBnlvA,4,175,1,0,843,1663,1
2025-08-01,2025-08-07,buldak,EOsips&bites,UCOU32EeyVDddZY_XymnVqrg,1,1228,15,0,96,71,15
2025-08-01,2025-08-07,buldak,EatinG,UCoSaHM636NnwRTOblEiEwxA,1,1304,14,3,14,10,17
2025-08-01,2025-08-07,buldak,Edibe Y√ºksel,UCjvhHSenFiYftsEJQupeFSA,2,2511,20,0,5370,27323,20
2025-08-01,2025-08-07,buldak,Ellen Park,UCrA8oN8eS7coosn_9cBQ4fQ,1,545357,32822,141,893000,517,32963
2025-08-01,2025-08-07,buldak,Enjoythelife,UC5ho6MnfF-nrxad4CSZDaNQ,1,1718,16,0,21,8,16
2025-08-01,2025-08-07,buldak,Eryn SHOW,UCPKUk9iUEt6pIbfoG9l481Q,1,53986,2005,23,64900,473,2028
2025-08-01,2025-08-07,buldak,Esma_vlogsssüéÄü´¢,UCeA8siT5DkTOqe4WkOor0NA,1,19,2,0,19,83,2
2025-08-01,2025-08-07,buldak,Everything 2 Watch Now,UCY8Imzd3Sw4OrC8RxonD3jw,1,2337,175,3,986,122,178
2025-08-01,2025-08-07,buldak,Everything Era,UC-zf2De3eiaWO3IKBzE9r4A,1,12365,219,59,141,19,278
2025-08-01,2025-08-07,buldak,Ez Sushi,UCjvfKnbhOA7H0eIfr5Au9VQ,1,10957,327,2,8820,156,329
2025-08-01,2025-08-07,buldak,F&H Crafts,UCpwTkZSlExZAtZeSZo_FZYQ,1,42,4,0,276,176,4
2025-08-01,2025-08-07,buldak,FOOD ENTER,UCPoQmPnBRqMfGGYBll9ZBMA,1,32398,473,1,152000,135,474
2025-08-01,2025-08-07,buldak,Fairy Tanton,UCGG1nTH_ubFETs-dy-gJViA,1,747,30,1,1200,567,31
2025-08-01,2025-08-07,buldak,FastFoodGuy,UCAHZX9sjpUExg3QQd16Hy2g,1,33396,654,5,13100,113,659
2025-08-01,2025-08-07,buldak,Feastmode,UChktk0FUriylbsA76VmGlpA,1,2,0,0,2,63,0
2025-08-01,2025-08-07,buldak,Fion‚Äôs Arts,UCd7gmn-WybWRbeV3zJIJTfQ,1,1258,16,2,43,34,18
2025-08-01,2025-08-07,buldak,FitiCam,UCiTK33Wbtv8bGE-4Mf3TMVw,1,12338,324,9,76,34,333
2025-08-01,2025-08-07,buldak,Food Seeker Sri Lanka,UC913D4pK6SZfTIYywhI4eMg,1,1830,11,0,3280,234,11
2025-08-01,2025-08-07,buldak,Food ka khajana,UCwm9JzfPM_wooCSZJwgL_iQ,1,2167,24,0,223,97,24
2025-08-01,2025-08-07,buldak,Food kahani,UCzfQlHzhxYXp_JP2OmYVr4g,1,629,4,0,2030,982,4
2025-08-01,2025-08-07,buldak,Foodie Arjun,UCHJui7yXLXWgMtyVQ4gSaMA,1,15833,0,40,1010,41,40
2025-08-01,2025-08-07,buldak,Foodie Laiba,UCcxXBh_Hs-cOk7rLBaM18uQ,1,15539,459,7,239,51,466
2025-08-01,2025-08-07,buldak,Foodie cook Nishu,UCffvuc54dtTvkmhrDLIvNyQ,2,5905,90,7,487,455,97
2025-08-01,2025-08-07,buldak,FoodiePiggy,UC29I-hWJ0sQv-AQs9OorbtQ,1,21551,396,2,752,64,398
2025-08-01,2025-08-07,buldak,Fran Sa√±udo,UCaE0a_8czpoRLyVjNJY6gYg,1,22021,1409,10,25600,174,1419
2025-08-01,2025-08-07,buldak,Frc,UCgkoGD9q0YdV5O_vZ04PCpg,1,182,8,1,772,128,9
2025-08-01,2025-08-07,buldak,Freddsters,UCXBLcGNLMDwzUNFyUDi7FPg,1,2889,138,5,74300,658,143
2025-08-01,2025-08-07,buldak,GEN Z YT,UCVBaOjEqTM9oUm9PoFRAQ4w,2,11092,0,0,673,49,0
2025-08-01,2025-08-07,buldak,Garik_Buharik,UCp3lVAvhkDulCS6Zt6GfObA,1,493,17,21,336,742,38
2025-08-01,2025-08-07,buldak,Gate of Korea,UCxxKkBdywIy0N1VkflhdGrw,1,5231,39,2,623,72,41
2025-08-01,2025-08-07,buldak,George Jones,UCq-Bv20TG7Yysur5c1i1o_A,1,1160,4,0,134,314,4
2025-08-01,2025-08-07,buldak,Goky Eats,UCa4nMHWVUirT5JcBvLC8i4A,1,2499,25,0,285,49,25
2025-08-01,2025-08-07,buldak,G‚Äôs Takoyaki Bar,UC3nuBFMe8EOAE94q9351F9A,1,1104,9,0,3,12,9
2025-08-01,2025-08-07,buldak,HALAL EATS,UCWq5OBzL5NrWiPzhVpaahLQ,1,687,4,1,1810,1036,5
2025-08-01,2025-08-07,buldak,HELYUMMY ,UCf0oBfmnrxZHYJHkWBaD-mQ,1,160510,1443,89,7930,49,1532
2025-08-01,2025-08-07,buldak,Hafsa Tasneem,UCwmNFUSbezcCwo_oYg3Mdhw,1,2483,27,0,9460,47,27
2025-08-01,2025-08-07,buldak,Hafsa's kitchen vlog,UCpn3ajugOng984vpdGC2GWA,1,103,9,2,2190,336,11
2025-08-01,2025-08-07,buldak,Hailey Kim,UCHprAdWU4e5MWEZEUlfjxOg,1,35064,813,51,32900,70,864
2025-08-01,2025-08-07,buldak,Happyday paper,UCg7kKTKtR31lQXAtpAN4Omg,1,1524,15,0,7810,222,15
2025-08-01,2025-08-07,buldak,HoneyJJU,UCzMwv2YaAyIgNrCIM8AADRA,1,16,3,1,5,5,4
2025-08-01,2025-08-07,buldak,Hoorain Vlogs,UCfSGt1vAqPUYMMgpF9rax9g,1,1008,11,1,371,24,12
2025-08-01,2025-08-07,buldak,Huzaifa Hamid,UCHVsVJrNHVasSKvNT6cz0Qw,1,546,9,4,6,6,13
2025-08-01,2025-08-07,buldak,Icey‚òÖ,UCvanKOlMxZJPY6rx0ZWdThg,1,585,7,8,88,177,15
2025-08-01,2025-08-07,buldak,Imronsodiq,UCqGl6_nAoLQdAFb36N_oWfg,1,73,0,0,36,24,0
2025-08-01,2025-08-07,buldak,IrelandsGrub,UCJ6odxU-AuWWtt0ZxPbWFyw,1,1430,17,0,1480,369,17
2025-08-01,2025-08-07,buldak,Isha & Inspi ,UCgR3idRqEN49JHscuj-aYbQ,1,1769,53,2,45,78,55
2025-08-01,2025-08-07,buldak,Iya ‡∏Ö^‚Ä¢Ôªå‚Ä¢^‡∏Ö,UCcjfBDwQVGOtL7amg56oFkg,1,8,0,0,45,19,0
2025-08-01,2025-08-07,buldak,JAN & GRASYA,UCnag-W7Qha1W2eXgH00YStA,1,976,16,6,116000,4667,22
2025-08-01,2025-08-07,buldak,JOHüßã,UCoodQgNagX6Y_KVL8DwlhUA,2,71867,1541,12,1230000,940,1553
2025-08-01,2025-08-07,buldak,JOY,UCVSF7d_TdRDBchnzlSWusmw,1,1396,50,5,3590,30,55
2025-08-01,2025-08-07,buldak,Jacy,UCAyQaEkT16i6ht4Q2bdsnXw,1,11885,537,8,20300,102,545
2025-08-01,2025-08-07,buldak,Jada Nacole ,UCVV7WKxSWSvenqQgFxYsz7w,1,3427,250,2,924,70,252
2025-08-01,2025-08-07,buldak,Jahangir Khan,UCMYGmIhgP67HJUCdOU3lpng,1,93,5,0,60300,199,5
2025-08-01,2025-08-07,buldak,Jake Anderson,UCyDsYkN2CBrKWDtnRTTLCqw,1,83,5,2,18,29,7
2025-08-01,2025-08-07,buldak,James Allen,UCLhwry6GjbA4SOJ0NueH9jA,1,4118,112,1,57,114,113
2025-08-01,2025-08-07,buldak,James Richardson,UCfSuWVOV18awVhItCP3l5kg,1,0,0,0,7,138,0
2025-08-01,2025-08-07,buldak,Jason Chancey,UCNvo47hnrhLjKoFKEeW-c5A,1,62,0,0,0,41,0
2025-08-01,2025-08-07,buldak,Jason Does Sh*t,UCdlDjqPJL-wuIE04Xp4uZ3A,1,19415,712,121,7010,9,833
2025-08-01,2025-08-07,buldak,Jenny Daily Eats,UCVGneRlO1zcGo6XXIBwGs-Q,1,1170,24,2,51,30,26
2025-08-01,2025-08-07,buldak,Jess,UCPv6vM5td8ngirif2D3g1rg,5,21190,1709,33,948,102,1742
2025-08-01,2025-08-07,buldak,Jessica,UC5vZHS_GetPnS9PMlIc-UxQ,1,607,9,0,61,302,9
2025-08-01,2025-08-07,buldak,Jimmy,UCpQMWAXI769CEYpvu68LIAg,1,1048,10,0,3180,158,10
2025-08-01,2025-08-07,buldak,Jo's Life,UCAG2wXYSG_vcJO2XZtkfXDw,1,240,5,3,132,103,8
2025-08-01,2025-08-07,buldak,Joel Delp,UCESUHErNRSomaGD_UdetVnw,1,3010,27,4,35,134,31
2025-08-01,2025-08-07,buldak,Juliette ,UCUnR0zbk4Uo_wqHAg4EAycg,1,6125,136,11,49,7,147
2025-08-01,2025-08-07,buldak,JustStuff,UC7u5JmOtFtt4j-ByJOACA3Q,1,21,5,2,14,21,7
2025-08-01,2025-08-07,buldak,K - Bites,UCDWYRv7_9r_QEGeNH1NSWag,1,16094,664,2,74,2,666
2025-08-01,2025-08-07,buldak,K YAMMY,UCZ8iib4O7Zi2GowHna-Ju4g,1,41623,1500,30,154,59,1530
2025-08-01,2025-08-07,buldak,KAOMURRA,UCXDcJWqWEDJByyTkh3SKeVw,1,1047,12,6,444,73,18
2025-08-01,2025-08-07,buldak,Karisma,UCnxWybDoiwvuMo2JJGw4uAA,1,1255,9,0,2,1,9
2025-08-01,2025-08-07,buldak,Katalina Lynn,UCjwKNL659UeoCF3suVVauWg,1,2825,134,7,14300,289,141
2025-08-01,2025-08-07,buldak,Kayleigh Lee,UCCn7DMlPZtwpwl7CwDjPDqA,1,1142,6,0,24,230,6
2025-08-01,2025-08-07,buldak,Kee2xs,UCOI2tLkInKkAITqytKqmhiw,1,1165,33,5,1170,188,38
2025-08-01,2025-08-07,buldak,Keshia Justina,UCd0NCOMr4xIzcjB24OVPvrQ,1,930,9,0,1360,438,9
2025-08-01,2025-08-07,buldak,Kim&Liz ASMR,UCZ8MqcJVNNq6d1KARqqI19g,1,177765,5011,88,8130000,2776,5099
2025-08-01,2025-08-07,buldak,KingVanion,UCrdY4mvDHqi2q-VEDwWeyAA,1,2144,12,2,1060,308,14
2025-08-01,2025-08-07,buldak,Kingle Kitchen,UCkh_fGnB0J2gcHjH0u9f8MA,1,11881,184,12,871,24,196
2025-08-01,2025-08-07,buldak,Kishi,UCb5G8CQVrhDRw8fYcT6x34w,1,4245,63,0,28,21,63
2025-08-01,2025-08-07,buldak,Kittybels gaming and mukbang and vyond and more,UCL1RLl6W2E2I1klKojk1SQQ,1,278,4,1,825,609,5
2025-08-01,2025-08-07,buldak,KoreaSpoon,UCaSWptCcGxdzI_9-Hd0_ntA,1,1399,9,1,673,74,10
2025-08-01,2025-08-07,buldak,Korean Ajossi,UCSM9sMvL4VjPMvZskQC1cHw,1,6672,33,6,7,2,39
2025-08-01,2025-08-07,buldak,Korean Fast Fix,UCpGlOX5LXurY4EtqgUw_8Vg,1,113702,2291,79,30400,31,2370
2025-08-01,2025-08-07,buldak,Kurnool Reddamma,UCAX7FOYntHGuqz_qjsF9-7Q,1,1398,0,1,54,13,1
2025-08-01,2025-08-07,buldak,LENSI LINA,UCJB4PHAJERQmkcXjvRxa4vA,1,7517,51,7,2300,2159,58
2025-08-01,2025-08-07,buldak,LUCKY HANDO,UCYxvnqXGyAsj4pR5jgYyU3g,1,3432,56,1,6570,275,57
2025-08-01,2025-08-07,buldak,LagodaNarezka,UCYS3Bz9kX3ZQ6l-PWPXR5Xg,1,1044,4,0,0,17,4
2025-08-01,2025-08-07,buldak,Late Night Anna,UCPD3iK_-oR95TvtHcdJbdiw,1,973225,36992,421,100000,263,37413
2025-08-01,2025-08-07,buldak,Lhundub Garpa,UCncWiVYFX1qufSrrKaw2yfA,1,128,9,4,2250,212,13
2025-08-01,2025-08-07,buldak,LiLiEATS ASMR,UCAeQiaUQvMcDUxSTtGlWPoQ,2,3498,84,15,910,130,99
2025-08-01,2025-08-07,buldak,Life Of Cam,UCA9V7tMLPZQ4YquOIZLW9bw,1,1047,9,2,838,2476,11
2025-08-01,2025-08-07,buldak,Life With Zeyenne,UCoSSe3ReXfYc5NudRjrpSKg,1,1657,10,2,62,41,12
2025-08-01,2025-08-07,buldak,Life with Maiyaü©∞üéûÔ∏è,UCaV5zBiiww9Xqkz7_JxRt8Q,1,966,20,11,59,24,31
2025-08-01,2025-08-07,buldak,Life~With~Sonam,UCB2Te98uyjpHCkZ74VAXyDQ,1,15421,0,3,54,13,3
2025-08-01,2025-08-07,buldak,Living_Thru_love ,UCHeGFhVNzCEHp6hKp0lkOmw,1,500,7,4,20,77,11
2025-08-01,2025-08-07,buldak,Love Lane,UCA9u6EfvQyZjJCwwEgQZEOg,1,114,7,8,4840,234,15
2025-08-01,2025-08-07,buldak,Lucia Robinson,UCGfmnYaUEzi0kJ9Lzh-wKAQ,1,717,7,0,124,286,7
2025-08-01,2025-08-07,buldak,LuhOne,UCuOGRGgzf-RF79BWgSOCF7g,1,1455,20,2,37400,303,22
2025-08-01,2025-08-07,buldak,Luna‚Äôs Life!,UChIfjNxl0SL3ctsF-zr_Idw,1,13,1,0,36,61,1
2025-08-01,2025-08-07,buldak,M0nst3r d00dl3z,UCuOCHvHfi2ohkMjpzTsJ-0Q,1,59,2,1,5150,118,3
2025-08-01,2025-08-07,buldak,MAYA ÎßàÏïº KOREAN,UCNBK4iarIH7ePAitaMd_tNw,1,437,4,0,12,5,4
2025-08-01,2025-08-07,buldak,MEGHNA‚ÄôS LIFE,UCrb3upLKbnPycJA3eupl6LA,1,10574,0,2,1440,368,2
2025-08-01,2025-08-07,buldak,Marang ÎßàÎûëÏù¥ÎÑ§,UCOVQjd0ttwSeG4zgHwNUEqQ,1,20014,452,9,230,93,461
2025-08-01,2025-08-07,buldak,Mariam maroof,UCWBl585M6O8HhcnIiszzQKA,1,1357,0,0,49,19,0
2025-08-01,2025-08-07,buldak,Marta Niemczak,UCByEBQBbLAr2orVigCGHvUA,1,2126,35,1,1450,89,36
2025-08-01,2025-08-07,buldak,Marto G-raff,UCvS2uYA2DBme9KgDIMAHx3g,1,1723,14,0,7760,397,14
2025-08-01,2025-08-07,buldak,Mayuhhxox,UC1KSWrG7J7luuyr80XOnAxA,1,1657,22,17,184,133,39
2025-08-01,2025-08-07,buldak,McKinlee Brooke,UCeBHd7_j2ZRVSYQwHqpGjtA,1,20,0,0,10600,2368,0
2025-08-01,2025-08-07,buldak,Meann In Brazil,UCScnimlhqyDepi_E9RDVQxQ,1,1770,13,0,2260,193,13
2025-08-01,2025-08-07,buldak,Medo,UCet4UQI2b7X9PLcMkX5SDig,1,5608,89,7,142,148,96
2025-08-01,2025-08-07,buldak,Mel,UCWNzTYD5tW9c6UE5VGt5q7A,1,5311,66,1,52,12,67
2025-08-01,2025-08-07,buldak,Mevazorli_kelinka,UCXoSboi1-bBvELfofPS1Cbw,1,790,25,9,1340,25,34
2025-08-01,2025-08-07,buldak,MexoTube,UCkoMPQWOQNlGpdS8YwdDKmw,1,986,12,7,3670,1693,19
2025-08-01,2025-08-07,buldak,Michel Lokoo,UCFq1aWckrRpHVWaZokWa00A,1,1208,35,1,161,23,36
2025-08-01,2025-08-07,buldak,Miles Joo,UC3ptTzewyycNclY2DmhXkRQ,1,848860,18753,36,84900,88,18789
2025-08-01,2025-08-07,buldak,Mini üçÄ,UC-eOSyGhj18BmrU97eAXghw,3,32661,377,4,34,17,381
2025-08-01,2025-08-07,buldak,Miranda ,UCj9ANeUc07jnkCW7oAQjTxg,1,49054,1169,6,6350,91,1175
2025-08-01,2025-08-07,buldak,Miss_Ruhi,UC2VArxkSsNdxIGWUyMVaz2w,1,11023,169,9,323,92,178
2025-08-01,2025-08-07,buldak,Moonlight Aesthetics,UCW6jecu35ZYwHK0RhBHT7cg,1,28,2,1,11,23,3
2025-08-01,2025-08-07,buldak,Mr.Yangmaeng,UCiiE8unrKGBBOFG11Jo2-cw,1,3138,29,2,173,20,31
2025-08-01,2025-08-07,buldak,MrTvlate,UC_tcx2uF_i7ynNKIwyCPjNQ,1,2281,112,7,109,75,119
2025-08-01,2025-08-07,buldak,Mrs.Potato,UC3NMMYWncabAxeMV5oBOV5Q,1,19838,460,12,50,18,472
2025-08-01,2025-08-07,buldak,MsSarahLM,UCb3a4hSQTDVzO0pNdpFJ-AQ,1,17438,231,2,212,194,233
2025-08-01,2025-08-07,buldak,Mukbang Gamay,UCfqlz94-EAXDHNgkWFOEQYw,1,1694,14,2,664,52,16
2025-08-01,2025-08-07,buldak,Mukbang Pari,UC5nprlVQFOcS9R6ha4IcXWA,1,291608,6167,206,524000,803,6373
2025-08-01,2025-08-07,buldak,Mukbang Soul,UCZ3QEey7z83z9eKTuN9MF1A,1,1817,0,1,3920,302,1
2025-08-01,2025-08-07,buldak,Mukhiya happiness,UCAOTlFzx1sAiH00N_Hrx0LA,1,914,4,2,357,163,6
2025-08-01,2025-08-07,buldak,My simple life ,UCJbTjtupdLO7LFRxrCfpZ8A,1,1518,7,0,13,58,7
2025-08-01,2025-08-07,buldak,NESSA ‚ó°Ãà,UCOXy0B6jK8GOVsLE4YphtfQ,1,89735,3341,34,141000,531,3375
2025-08-01,2025-08-07,buldak,Nae Noodles,UCg0S7VrRrxoO6hT1TYHayKA,3,10354,188,10,9960,821,198
2025-08-01,2025-08-07,buldak,Nastya Safronova,UCotxER7yFKR4JRYgFHxaLRg,1,2784,28,1,3,4,29
2025-08-01,2025-08-07,buldak,NatureFoodTube,UC6PJV_cy2aP0QtIqRQSxfcw,1,858,0,0,771,1125,0
2025-08-01,2025-08-07,buldak,Neha Mohanlal,UCK2LXMy_O4OHe7PiVbE0jEg,1,2180,0,0,54,27,0
2025-08-01,2025-08-07,buldak,Nermin Yasser,UCrIRtJG75oCPmdKQq2CwAmw,1,23710,470,8,6050,93,478
2025-08-01,2025-08-07,buldak,Nibbles-ASMR,UC4u2EVH1jOxHu8SJ8ixktEg,1,118055,4180,10,50500,253,4190
2025-08-01,2025-08-07,buldak,Nina Nguyen,UCN3X61El7tznA9DamsozIaA,1,1365,19,0,8,13,19
2025-08-01,2025-08-07,buldak,Nisha Ali,UCn57QRfW27AyVBLvKw73vYA,1,1636,13,0,13,13,13
2025-08-01,2025-08-07,buldak,Nom Nom Haven üçú,UC6B2INepjXwyx7TyhxveK9A,1,260505,2146,86,1580,18,2232
2025-08-01,2025-08-07,buldak,NomNomMomz,UC1FDZitM68KikFb1On9NEgw,1,15423,272,7,769,90,279
2025-08-01,2025-08-07,buldak,Noodeltoodel,UCxGZVwfXA3mEFE2xAylR50A,1,6089,79,1,148,7,80
2025-08-01,2025-08-07,buldak,Noodles Station,UCVGiMjnXbbcwLZ-Bz268dww,5,10828,157,29,36,9,186
2025-08-01,2025-08-07,buldak,NoraYT,UCnkoga4hZqcQCJyjmPrFJWw,1,1246,4,0,57,107,4
2025-08-01,2025-08-07,buldak,Oree Mart ,UC9RpquJrYaWccOF4ZXxoSEQ,1,43592,1631,19,42900,142,1650
2025-08-01,2025-08-07,buldak,Oun Rotana,UCCjuuTVwPSITFiY3M5PZymA,1,24038,283,0,1150,80,283
2025-08-01,2025-08-07,buldak,P & Lil's Bubble,UCApq4CNGpGABUtlr3yGBEFg,1,1805,16,0,2130,191,16
2025-08-01,2025-08-07,buldak,PURPL3_G4CH4,UCqhSpJ8pJgh4a7H55F5ooIg,1,1178,12,2,140,94,14
2025-08-01,2025-08-07,buldak,Pablo Zolezzi,UC8NnPwrd0vJnxwPvnvq1q9w,1,168881,5302,178,116000,97,5480
2025-08-01,2025-08-07,buldak,Pakistani Vlogger in SAUDI üá∏üá¶,UCfLR7RJI_TsxAjpM_bRlUnQ,1,8254,0,2,4730,552,2
2025-08-01,2025-08-07,buldak,Panchi Bhai,UClq3YKyC7JwKQ6wPFaytFaQ,1,18,0,0,75,248,0
2025-08-01,2025-08-07,buldak,Pastel diaries ,UCNq8NTbgQsELM9M6Fgwo7ZQ,1,1623,13,0,93,26,13
2025-08-01,2025-08-07,buldak,Phetolo Makofane,UCmZk8X8j0QXBpw8UjMOU7jA,1,12599,104,10,296,9,114
2025-08-01,2025-08-07,buldak,Pyeoniverse,UCtdsnRTUFl_Bn195K6rVHXA,1,2590,23,3,577,39,26
2025-08-01,2025-08-07,buldak,Quevette‚Äôs World,UCWG1tkReiSC5fr5j8GF4A4A,1,1641,8,0,3930,675,8
2025-08-01,2025-08-07,buldak,Quickpop,UC4c7QpAlDKqG5UiJ_NWUxrg,1,1072,16,0,137,105,16
2025-08-01,2025-08-07,buldak,RABEYA KITCHEN,UC2NNlkTNMEFXkJ5BaNgxH3w,1,1336,5,0,99,101,5
2025-08-01,2025-08-07,buldak,Raellyn,UCR7ocFDmuo-OFfkFRUJkhcg,1,41,8,0,1,4,8
2025-08-01,2025-08-07,buldak,"RainÈõ®, the Radical Dame~",UCokiYBOpdHCFKjgn8spM6gw,1,32185,997,111,2160,661,1108
2025-08-01,2025-08-07,buldak,RaniBites,UCbMJVVYMnHKH9W_7Wc2PUEQ,2,36502,603,2,13000,334,605
2025-08-01,2025-08-07,buldak,Real Ale Craft Beer,UCToLK0FybrEO9BwODMoWAow,1,2708,145,68,88800,10890,213
2025-08-01,2025-08-07,buldak,Reels by Ishh,UCcppKAnmKaQH_btGPzNwAww,1,796,15,6,44,22,21
2025-08-01,2025-08-07,buldak,Rice „Äâ Fries?,UCxOsx1Bj3-tFJEPfJOeJfvg,1,7162,50,0,13,15,50
2025-08-01,2025-08-07,buldak,Rinda In The Raw Solo life!,UCdpUfGGR9GrzcQNfyL7vsLw,1,493,3,0,1980,3420,3
2025-08-01,2025-08-07,buldak,Rituüå∑,UCJ0MJdFtKhrJ5_FcZcPfiDw,1,313,8,0,22,28,8
2025-08-01,2025-08-07,buldak,Roberts Harris,UC6rNe8XDkwJSDSb-4PBRgVQ,1,1012,1,0,88,352,1
2025-08-01,2025-08-07,buldak,Roro‚Äôs diary,UC3-jPyKJIf_-uFkedkpbdeA,1,66,1,0,10000,519,1
2025-08-01,2025-08-07,buldak,Ros√® & Goottie,UCgkHe8CMrAVNXMqszan-2Lg,1,265,26,13,19,1,39
2025-08-01,2025-08-07,buldak,Ruma Vlogs,UC_1g56LP6nFQJ4rDWD1_LfQ,1,238,4,0,328,500,4
2025-08-01,2025-08-07,buldak,Ryan & Monique,UCMhy0bCHPgtJOmJK20KP5UQ,1,58,2,0,142,39,2
2025-08-01,2025-08-07,buldak,SANGITA KUMBANG24,UClJKrROVgypd3i25SykOWUQ,1,668,7,2,305,248,9
2025-08-01,2025-08-07,buldak,SEKOAMIDZA,UC6YYfqjhcNa6Go3qPY1eoOw,1,1287,20,3,183,39,23
2025-08-01,2025-08-07,buldak,SKD World,UCatw-glWWS7PdzUYPvzQaxA,1,85,0,0,17,23,0
2025-08-01,2025-08-07,buldak,SLURP GOD,UCfCqUZb9YHjoI1ot4Hs32Fw,1,3089,16,2,1020,29,18
2025-08-01,2025-08-07,buldak,Saga's paradise ,UC8IZ6CzY4N8725Lix9s6dqw,1,806,13,1,30,67,14
2025-08-01,2025-08-07,buldak,Sajenmit Lepcha,UCUk-AHlUUmizBffX0isYnHA,1,1736,9,4,908,18,13
2025-08-01,2025-08-07,buldak,Sakshi Jalan,UCFx2ggwemTsGV4VR4XZwmnw,1,278,3,5,46,116,8
2025-08-01,2025-08-07,buldak,Sammie_eats,UCmxS-8Z-w7PXL-QdYJGtPkA,1,24087,448,6,527,46,454
2025-08-01,2025-08-07,buldak,Santosh stha,UCZb2kKg9Ecv9q2J5Je-StpA,1,2632,41,4,804,19,45
2025-08-01,2025-08-07,buldak,Sara,UCt6MrL4pyMSwKcItYNTExPw,1,377,0,0,14,22,0
2025-08-01,2025-08-07,buldak,Saraa De Silva,UCazbZulnQl20hpiH54JDyng,1,41150,710,12,243,40,722
2025-08-01,2025-08-07,buldak,Sarahslurps,UCtWTesiCFC243juBTaIEEKw,1,17,0,0,6,132,0
2025-08-01,2025-08-07,buldak,Sasi & Chill,UCQDKn6yohDvAxo-R5Ny0MgQ,1,187,8,0,35,28,8
2025-08-01,2025-08-07,buldak,Selena & Things,UCIm1gXTqhl4U0mYGJk5_6-w,1,773,26,8,4910,525,34
2025-08-01,2025-08-07,buldak,Sensei TTV,UCBiIoR0mfROhKZ02bUZaDjA,1,1720,17,0,33,40,17
2025-08-01,2025-08-07,buldak,Seokjin_ArmyüíúÔ∏èüíúÔ∏è,UCAbM0iHTb7mJqiFqagDt9VQ,1,11,1,0,160,308,1
2025-08-01,2025-08-07,buldak,Shabana Begum,UCMASfx5mQ5EgDEfjhsmWHyQ,1,831,17,20,52,26,37
2025-08-01,2025-08-07,buldak,Shreya Studio,UCjw62pCciRW5IP23H4GiuOg,1,34,4,1,2590,348,5
2025-08-01,2025-08-07,buldak,Snackolator,UCNvv2r1FOrqLuoqN5q8dftw,1,5178,339,7,11600,535,346
2025-08-01,2025-08-07,buldak,Snackwithshifa,UCD_OYWPr8LMVRPjKrQCskCQ,1,1971,13,1,36,56,14
2025-08-01,2025-08-07,buldak,Snakzy,UCJlEipVV5uI01UFM648yNqQ,1,51663,531,33,33100,330,564
2025-08-01,2025-08-07,buldak,Sophia Koko,UCHCv8MC-SLEALyr704lNx4g,1,1163,13,1,4280,837,14
2025-08-01,2025-08-07,buldak,Sougatar Rannaghor,UCemEx8TLAQhaHIsjMeq-v3w,1,114,3,0,157,230,3
2025-08-01,2025-08-07,buldak,Srijana Magar,UCSTTmEJawA-OaC4ZI835V1g,3,5526,33,0,11100,344,33
2025-08-01,2025-08-07,buldak,Sriracha,UCS4DC3wKWEoCi_RIv3s51UA,1,25301,387,13,104,112,400
2025-08-01,2025-08-07,buldak,Srishti Yadav,UCXfafLIY6ytQsIc0733G8-w,1,1832,0,0,545,75,0
2025-08-01,2025-08-07,buldak,Student Kitchen Diaries,UC-yEpi_UTdb-azz-Wk65_lA,1,22356,0,8,2120,103,8
2025-08-01,2025-08-07,buldak,SuperBench45,UCLyN46dSH1ocRGH9Fi5E3qw,1,798,8,1,1020,1441,9
2025-08-01,2025-08-07,buldak,SushilaVlogs8,UCynhCaInvWx-UyDYssUesbg,2,2109,20,0,7030,342,20
2025-08-01,2025-08-07,buldak,Sylvia's Vlog,UCd873vewR4T8v_IydwaILRQ,1,1182,20,0,9620,699,20
2025-08-01,2025-08-07,buldak,Szymon_adam,UCtuZQTLhEly2_ED1Lavnh2g,1,475,30,14,76,9,44
2025-08-01,2025-08-07,buldak,THE TRUTH,UCBmESyhtvqw63_Be9Qgt00g,1,7,0,0,0,5,0
2025-08-01,2025-08-07,buldak,TRENDY FOODIE,UCaAEgAQ1_2Hkw18vpmxj4Aw,1,80550,875,15,2170000,456,890
2025-08-01,2025-08-07,buldak,TabbsKitchen,UCb9GtTN5pFm77VT2H68Cbug,1,1632,19,0,220,89,19
2025-08-01,2025-08-07,buldak,Table for 2 Diaries,UClFBB1ld7x4X-RqRysUdOVg,1,10770,275,0,172,36,275
2025-08-01,2025-08-07,buldak,Tadka Tales,UCInJ7SnNKmmu_RloICfiCYQ,1,11631,110,2,105,65,112
2025-08-01,2025-08-07,buldak,Takhob Noi,UCQSmHqR7jBKQok6IQBvL8JA,1,3864,144,2,754,275,146
2025-08-01,2025-08-07,buldak,TanzzWorld,UCKjOkN0VHHK51T2Xpwh8x7g,1,13102,57,11,39,50,68
2025-08-01,2025-08-07,buldak,Thash Thachii,UCAtBFWqjA8V5in2sOr4r9hg,1,8473,129,2,1280,103,131
2025-08-01,2025-08-07,buldak,The Kuolin,UCKI7YYaNPxoJmTblUVtJm8Q,1,1275615,43338,145,241000,686,43483
2025-08-01,2025-08-07,buldak,The Ramen Room,UC7zpgvLo6VCr2GmyALZSfrQ,3,9797,716,20,869,112,736
2025-08-01,2025-08-07,buldak,The Random Video Factory,UCtPAoHdbQphyDbFyJ_uaqWw,1,1457,6,0,13600,2777,6
2025-08-01,2025-08-07,buldak,The Sisters Channel ,UC0PrE0ESQaezaFYOwDHuM3A,1,1080,13,2,217,508,15
2025-08-01,2025-08-07,buldak,The South Hill,UCKYIs39Cr0a4g1BN6gg0-oQ,1,20817,305,7,101,30,312
2025-08-01,2025-08-07,buldak,The Thokchom Siblings,UC7VXxQiZ5PcqdZSnVsKE_XQ,1,30140,1071,65,7800,51,1136
2025-08-01,2025-08-07,buldak,The cozy studio,UCw8u6ZwQLtczDHoGjwc29Xw,1,35,2,0,32,42,2
2025-08-01,2025-08-07,buldak,Tori Breen,UCmZkOm2juhZCRSUFGG5JSyQ,1,156532,7932,43,615000,1222,7975
2025-08-01,2025-08-07,buldak,Vee ü•ë,UCHnCz0i6Jn8nDMlX9iBLRaA,1,937,8,5,353,58,13
2025-08-01,2025-08-07,buldak,Vhieve Villaflores Vlog,UCGjwEPDz9znolYDKnNBt-gw,1,1119,12,2,5200,2146,14
2025-08-01,2025-08-07,buldak,Vibes with Luis,UCmIEzKyJdB-IIKX6hFVEEtw,2,20617,314,12,408,23,326
2025-08-01,2025-08-07,buldak,Victoria Lee,UCFRTUglnkOYQ3AQV8OwRAEg,1,909,5,0,1,12,5
2025-08-01,2025-08-07,buldak,Vidhya Gyan Sagar ,UC5AHfZVLeYz7sBGs43o3UDg,1,13,3,0,326,226,3
2025-08-01,2025-08-07,buldak,Vlad Fodor üçîüçü,UCsX2Hrs-Xt6hSbjujx1sIDA,1,1177,5,0,1370,103,5
2025-08-01,2025-08-07,buldak,WIERDfacts,UCr40Gfgtnkm9XD6EAR6AfcA,1,9675,37,0,10,14,37
2025-08-01,2025-08-07,buldak,Wardrobe Essentials,UCpOEr-cAZ9qVzM-vk-y6yhg,1,877,2,0,95,300,2
2025-08-01,2025-08-07,buldak,Welcome g,UCqi469zFIawqqG4N9DFk0sg,1,993,14,0,1150,558,14
2025-08-01,2025-08-07,buldak,Wellness Home,UCjxupGImEb0C5iupRhMKUBw,1,8384,93,3,96,314,96
2025-08-01,2025-08-07,buldak,Wilder Quiroz,UCxtpzyRl7gTzJOlmzuPkgJw,4,2542,12,3,49,92,15
2025-08-01,2025-08-07,buldak,Wojtkowy,UCpiHEmd6PhW3k-xkQ0qdbXw,1,412,5,1,213,84,6
2025-08-01,2025-08-07,buldak,Wonk,UC3Oymav29HKbrulMMrOf3BA,1,7547,53,0,36,70,53
2025-08-01,2025-08-07,buldak,XxRoblox_Mm2xC,UCXlBT9hroSPj9TrAKEc-6kg,1,1168,16,9,13,35,25
2025-08-01,2025-08-07,buldak,YASSO GAMING pro,UC1TgvKbjU5GLN6h8KkyagGg,1,10,3,0,18,48,3
2025-08-01,2025-08-07,buldak,YES! SSUL,UCGl0OLPCsmUwACJJQobIetw,1,489,4,0,294,291,4
2025-08-01,2025-08-07,buldak,Yerard Vlogs,UCx-wu91fpXcXma40ZVYdFYA,1,925,14,4,307,44,18
2025-08-01,2025-08-07,buldak,Yoscy Kim,UCHxWrXuD24UipXhjn4UpwoA,1,859,16,0,406,280,16
2025-08-01,2025-08-07,buldak,Zacc Foodie,UCAvI8kdxFGeD2b7aag9jKHg,1,7777,94,0,1270,402,94
2025-08-01,2025-08-07,buldak,Zarina Makhanbetzhan,UCl8hyFE5jZwy5Prt0LQ8ESw,1,1894,40,7,4890,285,47
2025-08-01,2025-08-07,buldak,Zee Eats,UC47uQqokJB9EPkQvcIUmNzQ,1,5234,71,0,39,33,71
2025-08-01,2025-08-07,buldak,Zenith,UC9VTknHXTpa-buMCw39y1WA,1,1437,10,10,27,50,20
2025-08-01,2025-08-07,buldak,Zong Vang,UC-sGkgQoLnv8og_U4pk2UmQ,1,34,1,0,23,32,1
2025-08-01,2025-08-07,buldak,adha,UC-gGyk88QRiPKltVoov4iMg,1,1,1,0,1,11,1
2025-08-01,2025-08-07,buldak,agoodawg ,UCAoCztYQ_QJMKHXfIvO-H9w,1,1914,31,4,144,6,35
2025-08-01,2025-08-07,buldak,aimschia,UCDnQ-ZM1tiT0a5lx4LAa9Gg,5,4789042,135127,368,148000,322,135495
2025-08-01,2025-08-07,buldak,amerOPvlogs,UCfFxEf0gQg2W7V_YSB2v6mA,1,1009,29,2,145,98,31
2025-08-01,2025-08-07,buldak,angela,UCNx-4VA85r17_6lmLsx9BqQ,1,40497,899,13,3200,55,912
2025-08-01,2025-08-07,buldak,antiguo recetario ,UC0pXT3DGuNhKZrTPv07kLhw,1,72,2,0,1920,1766,2
2025-08-01,2025-08-07,buldak,boxcat,UCkNc2R2AtsQBlpdw0jT4k7w,1,540,6,2,27,36,8
2025-08-01,2025-08-07,buldak,broccoliedraws,UCiyv3mJ8k5EEysUE7YAjZkw,1,1524,7,4,21,9,11
2025-08-01,2025-08-07,buldak,clumsyybebo ,UCs5IFpI0lQz-gXtiTo9SnBw,1,4452,39,0,15,32,39
2025-08-01,2025-08-07,buldak,cocoeatz,UC7dDToPuZXlNM8we0uTAOlQ,1,363256,12422,113,88200,268,12535
2025-08-01,2025-08-07,buldak,dbest Taste,UC5l-r6OPB5IzVnCaRyuattQ,1,2078,49,6,35000,103,55
2025-08-01,2025-08-07,buldak,dumplingdose,UCaU6HM-ZxKLd8nNUG3aE6Mg,1,1828,13,0,0,2,13
2025-08-01,2025-08-07,buldak,erinüçì,UCGVfPr-UAkEkF0mk5YKl6YQ,1,955,51,2,1230,206,53
2025-08-01,2025-08-07,buldak,flavor lab,UCh0UgaF_T1lGycMhHzF8ZCw,1,1789,11,1,224,122,12
2025-08-01,2025-08-07,buldak,food_injimin,UCAaJnU6hKOfjM_dJIloFlaQ,1,19607,972,15,38900,66,987
2025-08-01,2025-08-07,buldak,hanaberry,UCfn38GwcMSfVquuXZ7SAfsw,1,1548,5,1,120,38,6
2025-08-01,2025-08-07,buldak,heyjemjem,UCCUXy-xgHAl0ty4nYwv7Ogw,1,2057,23,0,1230,249,23
2025-08-01,2025-08-07,buldak,icecup-thai90,UC5Me1Hfhm5ydAJ2x8AzRoLg,1,2035,28,0,165,38,28
2025-08-01,2025-08-07,buldak,imamal.eatsss,UCOBtXifhuFSeuprpZguJ-wQ,2,27950,673,12,83,39,685
2025-08-01,2025-08-07,buldak,irene kim ÍπÄÏòàÎ¶∞,UC1k2oMBTGoTu6Ha3Lm_fYQg,8,1687922,63891,438,70300,430,64329
2025-08-01,2025-08-07,buldak,"its me, hi",UCMsRCbFYeoXqy8HzRdMGs1g,1,3073,30,0,1,2,30
2025-08-01,2025-08-07,buldak,jupywrld,UC4KIYPh4Een6Y89BSVlv_xA,2,52130,2330,16,17400,429,2346
2025-08-01,2025-08-07,buldak,jusi_beautiful,UCo4fgU8cox-1WRWkYc1SGGg,1,15233,164,0,1570,42,164
2025-08-01,2025-08-07,buldak,k- Food lover,UCS_P9b3bprOs1fIORpf4edg,1,3,0,0,2,8,0
2025-08-01,2025-08-07,buldak,karen la galleta,UC_EsRDPg1ayM8FDLhTBSRCQ,1,1484,6,0,151,43,6
2025-08-01,2025-08-07,buldak,kathryn ,UCnq-JoqRNQwRjIK5wej63UQ,1,1076,8,2,21,40,10
2025-08-01,2025-08-07,buldak,katiavenediktova,UCTxFrQ4EXchHy5moQSmxe0A,1,259,4,2,316,83,6
2025-08-01,2025-08-07,buldak,kelseylovespho,UCzPtNjZpHJIys6D_u2M2bFA,1,59263,3544,75,202000,284,3619
2025-08-01,2025-08-07,buldak,kikitchiwi,UCfBxWydP4eA25iN6VHVfyPQ,1,1414,76,4,2280,251,80
2025-08-01,2025-08-07,buldak,level4alpha,UC70n32ZVRd2NwRoQyZAEwwA,1,12371114,123846,475,120000,434,124321
2025-08-01,2025-08-07,buldak,literaryjustine,UCBDnUCjtr4wvo0Pgjeq4mcQ,1,950,12,0,236,357,12
2025-08-01,2025-08-07,buldak,littlestar,UCt7d2Vj65jSw_0BL1U2R8SQ,1,2,0,0,0,3,0
2025-08-01,2025-08-07,buldak,live and life,UCdQw2RuNVvNAvLMINlbS7eg,1,2733,31,1,705,244,32
2025-08-01,2025-08-07,buldak,lunchbox life,UCFcZfbgcB2GX26VNidbCNIA,1,15043,280,1,355,10,281
2025-08-01,2025-08-07,buldak,maccc,UCsXJiL6hQ8wffICP_rlkPxw,1,234,41,0,2670,990,41
2025-08-01,2025-08-07,buldak,madebyadri,UCv01lFk264DQJ1AlITqlQiA,1,7380,65,4,10,6,69
2025-08-01,2025-08-07,buldak,mello,UClTPPpcxtek4gzOWc0-PjLg,1,295,6,3,373,165,9
2025-08-01,2025-08-07,buldak,mjm made food,UCkeHCpE-h6dDLKdH-YH7hbw,1,3343,36,0,13,5,36
2025-08-01,2025-08-07,buldak,mohid ke vlogs ,UCWOE-Hmc_ZSZNKH1kI02lCA,1,6,1,0,15,57,1
2025-08-01,2025-08-07,buldak,mona,UCjjEN7XD8QA0AGTVQlSwxAQ,2,91,2,0,7,9,2
2025-08-01,2025-08-07,buldak,ms. munchies diary ‚ô•,UC7KJap8KChefZaDKLFg_k9w,1,5337,217,28,118000,189,245
2025-08-01,2025-08-07,buldak,natslifestyle ,UCvwjqD7O_tueEzlKj1Ja1Yw,1,2769,28,2,399,34,30
2025-08-01,2025-08-07,buldak,noway yo,UCs8xqMNiUiJB_EjroqlJsYw,1,12056,155,1,54,30,156
2025-08-01,2025-08-07,buldak,olnudle,UCERPywMmTZ8m_NT9EKn8Ggw,1,46064,1753,50,145000,129,1803
2025-08-01,2025-08-07,buldak,on the day of grey ,UCzMVCAT_kZopY3ksJ42G2ug,1,2185,20,0,25,16,20
2025-08-01,2025-08-07,buldak,pasongsong,UCtLGd0uVqpS1cEvkGmojGWA,2,53533,506,3,2320,199,509
2025-08-01,2025-08-07,buldak,pudding_puff,UCWBahO3FYALFc1VBe5kVN6w,1,1500,18,0,95,63,18
2025-08-01,2025-08-07,buldak,sahela's blog,UCR3_TfEjesgctgsZzTga0Ng,2,10178,182,8,61,35,190
2025-08-01,2025-08-07,buldak,sam's yana space,UC11Ahc4Z2kENMBS_dsJ8D9Q,1,62,3,0,26,93,3
2025-08-01,2025-08-07,buldak,serinaamadee eats,UC-XAzz3bXoNqLEA2tE1TKVw,2,18237,1838,51,10100,198,1889
2025-08-01,2025-08-07,buldak,sooman,UCiMKIy329y3P6bosmXcldlQ,1,2302,14,0,3,41,14
2025-08-01,2025-08-07,buldak,tiktokmademedoit,UC7rz8_NF6vVlBQeXvUn3FLA,2,2758,36,3,32,33,39
2025-08-01,2025-08-07,buldak,valeee!,UCnFAJR-MuNatb4eQDc3mxWw,1,44776,1127,57,1770,25,1184
2025-08-01,2025-08-07,buldak,vanilla ‚ô° ,UCLhRAbmKO35GGt2zPkVX-iw,1,1109,36,4,502,81,40
2025-08-01,2025-08-07,buldak,w motion,UCYHGIquRfEPOzD4uoiHn2JA,1,327195,1795,63,285000,314,1858
2025-08-01,2025-08-07,buldak,zz_carrotcakeü•ï,UCmct2mAvZ-5yMqU1t08SP9A,1,19,1,0,124,691,1
2025-08-01,2025-08-07,buldak,~iluvmypooks~,UCuSOJWh3zZ7_zkHErcVOfzg,1,2100,8,2,186,31,10
2025-08-01,2025-08-07,buldak,~lululove~,UCox8DrbvLDax_6tDiI7Sl4w,1,1980,8,1,394,9,9
2025-08-01,2025-08-07,buldak,"–ó–ê–•–û–î–ò, –ó–î–ï–°–¨ –í–ö–£–°–ù–û üòã ",UCAtUiUDSef1_gKpGKaUpBYA,1,1273,6,1,134,34,7
2025-08-01,2025-08-07,buldak,–ö—Å–µ–Ω–∏—è –®–µ–∫,UC8oZ5zmTznahs2Uac1_qe1Q,1,1803,9,0,45,9,9
2025-08-01,2025-08-07,buldak,–ú–∞–∫—Å –≤—Å—ë –ø–æ–¥—Ä—è–¥,UCZOPtA9zkK_T9PC0NVGXHrg,1,1927,15,1,37,142,16
2025-08-01,2025-08-07,buldak,ÿßŸÑŸÖÿµŸÖŸÖ ÿπŸÑŸä ŸÉŸäŸÖŸÜŸÉ,UCZWPCvTA0Ep8HyRWN-Xyl_A,2,1,0,0,12,194,0
2025-08-01,2025-08-07,buldak,ŸÇŸÜÿßÿ© ÿ∑ŸÑÿßŸÑ  ÿßŸÑŸÖÿπŸÑŸÖ,UCuy5ufCb5blnMQ7xJOKNrvw,1,1093,5,0,916,197,5
2025-08-01,2025-08-07,buldak,‚ô° ùìùùìòùìùùìê ‚ô°,UCtsrQWCEIlrog145ET-FFSQ,1,132,3,0,15,25,3
2025-08-01,2025-08-07,buldak,‚ßºùìûùìùùìõùì®‚ßº‚ßΩùìêùì°3ùì®‚ßΩ,UCUHW8uiJEB6-5o75_WbUdfg,1,1391,25,5,1960,39,30
2025-08-01,2025-08-07,buldak,È£üÁâ©,UCyUam0dc9-bZqotjIp1s3sA,3,40,0,0,3,24,0
2025-08-01,2025-08-07,buldak,Í≥µÌÜ†Îßà,UCl33QzLPvhQvV8T-kn3-wug,2,10770,45,0,12,21,45
2025-08-01,2025-08-07,buldak,ÎÉ•ÎÉ†Ïî®üçΩÔ∏èüêæ(MEWYUM),UCnevJRiH16IDEW29Pq1anqw,2,8133,64,0,340,84,64
2025-08-01,2025-08-07,buldak,Îß•Ïä§Ìë∏ÎìúMAXFOOD,UCUWQbYuls8qWcZF-BUvGEAw,1,1234,16,0,1970,99,16
2025-08-01,2025-08-07,buldak,ÎßµÏÜåmapsoo,UCHSum8VFr5vN3aiB_fLtz3A,1,100409,601,329,4420,86,930
2025-08-01,2025-08-07,buldak,Î®πÏ∞å mukjji,UCsk9n9PZs6hwqQY0I4ocPiA,1,1225,11,0,98,19,11
2025-08-01,2025-08-07,buldak,Î¨∏Î≥µÌù¨ Eat with Boki,UCoLQZ4ZClFqVPCvvjuiUSRA,1,1057361,18823,309,10700000,1097,19132
2025-08-01,2025-08-07,buldak,ÎØ∏Íµ≠Ïó¨Ïûê American Girl,UCauC76ixgVjB_x1DlGBmwhg,1,11797,67,0,17100,435,67
2025-08-01,2025-08-07,buldak,ÏÉ§Î∏åÏùò ÌÖåÎßàÏø° Shavu's theme cook,UCBnP2WgT4J8H0-qrDhmiKgw,1,1447,4,0,513,127,4
2025-08-01,2025-08-07,buldak,ÏÑ†Îç∞Ïù¥Ï¶à sundays,UCWqMPyvCfbWgUaFFOwQYgnw,1,146,5,0,55,19,5
2025-08-01,2025-08-07,buldak,ÏèòÏòÅ Ssoyoung,UC4PpFUrfT2Pou7OwpVF0MUQ,1,466639,6571,183,12000000,1490,6754
2025-08-01,2025-08-07,buldak,Ïö∞Î¶¨Îì§Ïùò ÎÜÄÏù¥TV,UCXNRc1Yk6uYuXW0aBlc2hBQ,1,1422,5,0,86,97,5
2025-08-01,2025-08-07,buldak,Ï£ºÏïàÏÉÅ Liquor Table (Bites & Booze),UCCcNbIyI-3x2lkha5Gs5r0g,1,18663,170,8,8650,1332,178
2025-08-01,2025-08-07,buldak,Ï∞êÎπµÎßåÎëêJJBB.MANDOO,UC0JZV95wftQ-NSCG48xe-CQ,1,129350,3507,38,221000,580,3545
2025-08-01,2025-08-07,buldak,Ìë∏Î©îFume,UCbzI92w5vWa6mEj1dACfy6g,1,202141,0,137,5920000,1141,137
2025-08-01,2025-08-07,buldak,Ìò∏Ï£ºÏÇ¨ÎäîÏÜåÌîºÏïÑ Chefy_Sofy,UCerKqQzO5vqHRmEa8QbbKiw,1,21355,252,1,175,78,253
2025-08-01,2025-08-07,buldak,ùêºùìÉ ùìÇùìé _ùêµùìÅùíæùìÉùìÄ ùê∏ùìáùí∂,UCIWfjdHPnGw1PG6Xd434wVg,1,645,8,2,371,138,10
2025-08-01,2025-08-07,buldak,ùë®ùíîùíïùíâùíÜùíìùíäùíÇüéÆüéÄ,UCpl47TROF1X-tY04BIWy5eQ,1,17860,472,75,2990,73,547
2025-08-01,2025-08-07,buldak,ùë≥ùíäùíèùíÇüç•,UC4-1GKy9CTywYZIxDz7BxtA,1,1684,12,1,21,19,13
2025-08-01,2025-08-07,buldak,ùúóùúö mata ùúóùúö,UCjI64oQY-qAD7567lTNA49g,1,7,3,0,83,78,3
2025-08-01,2025-08-07,buldak,üå∏Arysamüå∏,UCM8agqkYSzVXxrNI7axv3dg,1,1631,40,3,94,50,43
2025-08-01,2025-08-07,buldak,üå∫ùêìùêöùê≥ùê•ùê®ùêØùêûùê¨ùê≠ùê®ùêúùêöüå∫,UCu8d21wdw6qg-BUMgBBIxrQ,1,2843,17,0,105,106,17
2025-08-01,2025-08-07,buldak,üçìSTR4BERRYüçì,UCY-xgPecYDPAHkqw296rvrg,1,1544,17,6,202,204,23
2025-08-01,2025-08-07,buldak,üéπ.kiviyuu.,UCSAJKAHxXz8IRuvB5SuvVdA,1,30766,1428,172,129,11,1600
2025-08-01,2025-08-07,buldak,üòªEli üòª,UCwsksg2_UXxqbcX5Uttr-1A,1,182,4,0,397,331,4
2025-08-01,2025-08-07,buldak,ü¶ãCherrysxBlossomsüå∏,UC-2YdhtUyodvrn_w2IqDnag,1,22,1,2,224,322,3
2025-08-01,2025-08-07,buldak,ü©∑Esmeralda Montoya ü©∑,UCMiIT-KQfrh1V2TLTH_vleQ,1,6602,330,2,68,92,332
2025-08-01,2025-08-07,chamisul,Outer Paradise - Topic,UCtiCE8O_tCzmd-gswKz2bkQ,1,14,0,0,1,33,0
2025-08-01,2025-08-07,chum churum,Chum Churum Official,UCQNCDovfREQm98YISm_Xz0g,2,450,7,0,5,3,7
2025-08-01,2025-08-07,jin ramen,Anit,UCCoCDBh21J-GfJGi-ia-Slw,1,609,6,2,22,18,8
2025-08-01,2025-08-07,jin ramen,BTS ARMY WORLD üåé 7 üíú,UC-F9VUW9NloXczPMVlt9VzA,1,12,0,0,5090,1954,0
2025-08-01,2025-08-07,jin ramen,BTS the 7 Star,UCC0VzHyxyvCexGjRK6QlHyg,1,553,27,4,39600,318,31
2025-08-01,2025-08-07,jin ramen,Bling TV,UCuRzl7WweUAZxKmRjY5tLjw,1,53,20,58,231,41,78
2025-08-01,2025-08-07,jin ramen,Bts Sweet,UCw9NjgvHNtyam0xHe6MU88w,1,1331,22,0,1960,392,22
2025-08-01,2025-08-07,jin ramen,Cravingss,UCDr7_nCz4IrNw2Hh_V0sfWA,1,8,1,1,124,149,2
2025-08-01,2025-08-07,jin ramen,Deil World,UC5Wl9S-esj7Cb3wi4brpJig,1,19384,525,2,6970,81,527
2025-08-01,2025-08-07,jin ramen,Dunsworth Peacock,UCQWMxrQjg6W7E6fDaZnXHAA,1,1,0,0,8,1488,0
2025-08-01,2025-08-07,jin ramen,EMD888TV blog,UC9qhY0P0XWAIL6Xx50we39Q,1,1259,2,0,1520,905,2
2025-08-01,2025-08-07,jin ramen,FunBite TV ,UC9Bg9nqysli8XIZC0KMRalA,1,2174,9,0,11,27,9
2025-08-01,2025-08-07,jin ramen,Jepreemanalastas,UCOIruDNqPISPK9NoPapCjpQ,1,1357,14,0,15,47,14
2025-08-01,2025-08-07,jin ramen,Jin Ramen by Otoki,UC6RUH56dFHOHN2pjgbJYlLQ,1,3038,0,5,11600,331,5
2025-08-01,2025-08-07,jin ramen,K-Food Note,UCanA6BhHIU-pb7MJ-IVhRCQ,1,23381,217,4,225,97,221
2025-08-01,2025-08-07,jin ramen,K-POP Foods PH,UCvh-8N7qE2_twFrYyu14OkA,1,8946,9,0,1090,74,9
2025-08-01,2025-08-07,jin ramen,Like Korean,UCc2jbDOz91bEdggoeIDTxug,1,298,21,17,14100,2563,38
2025-08-01,2025-08-07,jin ramen,Mission: Jinpossible [ ÏûëÏ†ÑÎ™Ö: ÏßÑÍµ¨Ï†ïÎ≥µ ],UC0dSr-qfN8elYeirMSSrAYw,1,8346,48,2,19,30,50
2025-08-01,2025-08-07,jin ramen,Mummy aur beti ,UCKRPokscBIyBDP-DEXXq4rA,1,3524,50,0,75,29,50
2025-08-01,2025-08-07,jin ramen,Nana Kim,UCAvvNIyXxuevAdazUXTRzQg,1,8,0,0,24,150,0
2025-08-01,2025-08-07,jin ramen,Nini Channel,UCXzn5_gGcxwgBygeqvkk88g,1,2351,14,0,211,137,14
2025-08-01,2025-08-07,jin ramen,Operator16,UCkrEM_zNZfNglkIrR0AjuWQ,1,162,2,0,408,59,2
2025-08-01,2025-08-07,jin ramen,Otoki Vi·ªát Nam,UCLOQu0I73CwsoNpgoQZ6gPw,1,1401,5,0,366,90,5
2025-08-01,2025-08-07,jin ramen,Our Lovely Pak,UCpR8059tnK5Z_qPXgKpF-ew,1,26054,356,1,906,95,357
2025-08-01,2025-08-07,jin ramen,Pau,UCseZxkCr8PBed2nXBy2IEhA,1,2075,26,0,18,21,26
2025-08-01,2025-08-07,jin ramen,PrimeMode,UCMJmi-PtkjylHvdaiq2dBaQ,1,15,2,0,97,36,2
2025-08-01,2025-08-07,jin ramen,Priyar Rannaghor,UCpdpnpKEamyutmMtP4ZtJ2A,1,299,7,0,25,49,7
2025-08-01,2025-08-07,jin ramen,Salma Api Beauty Tips,UCIngiRjfHF-bRxbXXTponyg,1,13,0,0,1090,128,0
2025-08-01,2025-08-07,jin ramen,Shells ‚ô°,UC4p6Ftpf5aeuMQgyRNZfJBA,1,4356,126,4,513,60,130
2025-08-01,2025-08-07,jin ramen,Stephanie Mak‚Äôs channel ,UCj6GlkgpJF__N2vOy-zLDkA,1,7,4,0,92,206,4
2025-08-01,2025-08-07,jin ramen,This is me,UCV9k5jTEB8QV_pemAIKKvKg,1,1587,22,0,362,94,22
2025-08-01,2025-08-07,jin ramen,Wee Bit Unfinished,UCf3um5_RaPOwzHtzgCSfnzg,1,456,6,0,57,26,6
2025-08-01,2025-08-07,jin ramen,ifza rj‚ü≠‚ü¨‚Å∑‚ü¨‚ü≠...üíú,UCAnfCuAqVxPrzl0tFCQaYvg,1,4,0,0,201,271,0
2025-08-01,2025-08-07,jin ramen,kpop editor ,UCRKgIlQrwbve6eJcMsvoz6A,1,8,0,0,46,242,0
2025-08-01,2025-08-07,jin ramen,la_mecomms,UCHFwlxND9C3F3b1LwkSk8zg,6,1800,24,13,49,29,37
2025-08-01,2025-08-07,jin ramen,lynnie us,UCQZOSg4zeg3shJUWgPM7Nug,1,47,3,0,23,44,3
2025-08-01,2025-08-07,jin ramen,ÎùºÎùºÏî®Ïä§ - RARASIS,UCLq0BmXBES9aG_gdFUWZonQ,1,798,2,0,87,58,2
2025-08-01,2025-08-07,jin ramen,ÎûÑÎùºÎ©¥ lalramyun,UCCHcZVynhvbC6s-5sKWF9OQ,1,331,7,0,481,70,7
2025-08-01,2025-08-07,jin ramen,ÎßàÏù¥ÎùºÏûÖ,UCuJb-bomWTr3Eq2M_B_Um_Q,1,1565,19,1,11,7,20
2025-08-01,2025-08-07,jin ramen,Îß•Ïä§Ìë∏ÎìúMAXFOOD,UCUWQbYuls8qWcZF-BUvGEAw,2,23822,209,3,1970,99,212
2025-08-01,2025-08-07,jin ramen,ÎØºÏú§Í∏∞Í≥†ÏÜå,UCPNQQXEv7pvT7NL-tqGAudg,1,1393,6,0,985,103,6
2025-08-01,2025-08-07,jin ramen,ÏÑúÎÇ®Îß§,UCFEAxM-dpAw3tzhgmF2KDjg,2,2892,25,4,35,55,29
2025-08-01,2025-08-07,jin ramen,ÏïÑÏöîÎàÑÎÇò AYONUNA,UCqmkwBH2s-3lCPIv633Ayiw,1,5108,104,0,2170,252,104
2025-08-01,2025-08-07,jin ramen,ÌïúÏãùÌÅ¥ÎùºÏì∞,UCFhvOLfXqcJErKrf7AXAjnA,1,5324,100,4,23400,496,104
2025-08-01,2025-08-07,jin ramen,ÌïúÏûÖ ÏáºÏ∏†,UCKxw1kAQGEljy8Pl0NpKwCA,1,7312,59,2,60,36,61
2025-08-01,2025-08-07,nongshim,360¬∞ MIX‚Äã NEWS,UCzvBigDn7kFEkLt2jD6m1zw,1,8,0,0,4100,1047,0
2025-08-01,2025-08-07,nongshim,Adiba Arsala,UCpGQr11WfZTORUnh80qn-ww,1,1575,14,1,99,231,15
2025-08-01,2025-08-07,nongshim,Aida Sofea,UCvGn3XXU6VciqTKUUlG55Fg,1,27,1,0,316,36,1
2025-08-01,2025-08-07,nongshim,AllNews TH,UCwkV9m9E9x9HrGymt31A0qA,1,45,4,0,35500,6796,4
2025-08-01,2025-08-07,nongshim,BOLD VAL,UC0ZhfDwR2bPbl85epyrbs-A,1,8,0,0,3180,67,0
2025-08-01,2025-08-07,nongshim,Bawal Foodie ,UCXHw5E92gbVm5n9D--k9O6g,1,7409,36,1,228,88,37
2025-08-01,2025-08-07,nongshim,Blooming Ayushi,UChwrrfK03aiU1MtRKvdjoOQ,1,925,17,9,1720,420,26
2025-08-01,2025-08-07,nongshim,Channel8Thailand,UCoyeQ0tL00GpDEknxBnO6sw,1,87,0,0,94500,12412,0
2025-08-01,2025-08-07,nongshim,Content lab agency,UCxIGYb1IQkB67g-H7pnXZ2w,4,49,0,0,351,133,0
2025-08-01,2025-08-07,nongshim,DaniDA Channel,UCigmH0kxV5Nw4CMz5-pBYTw,1,13666,1224,2,138000,106,1226
2025-08-01,2025-08-07,nongshim,Donn TV,UCTiBIU3_pAHmYDkfrk-KzWA,1,1493,7,0,89,207,7
2025-08-01,2025-08-07,nongshim,Escores ,UCL0jb3kXWP6tHT2XxuyZqCg,1,9,0,0,40,672,0
2025-08-01,2025-08-07,nongshim,Fann Ong,UClkz2BzGK2bPFR2SWj2w1bw,1,1515,11,0,403,211,11
2025-08-01,2025-08-07,nongshim,Foodie cook Nishu,UCffvuc54dtTvkmhrDLIvNyQ,1,57,5,3,487,455,8
2025-08-01,2025-08-07,nongshim,Fourteen channel,UCgjT2VR0ClckC3PeVkGi6iw,1,4319,168,1,48600,3629,169
2025-08-01,2025-08-07,nongshim,Global Esports VALORANT,UC01w7kjW4y-tQ8dU4yYCMuQ,1,5083,316,20,48300,1561,336
2025-08-01,2025-08-07,nongshim,GodspeedxD,UCt5g5ZLbH0Oty789PAQX31A,1,870,58,0,5220,233,58
2025-08-01,2025-08-07,nongshim,HARMONIC_CANVAS,UCub0iUtN86ip3C7Cw4cZfYA,1,1755,5,1,40,79,6
2025-08-01,2025-08-07,nongshim,Hari‚Äôs Life,UCkQ8uMH7-EoJchPLhJaSPvw,1,22413,154,1,194,173,155
2025-08-01,2025-08-07,nongshim,Hoa-ASMR,UC_PWD5qO7d1X_ok13vBSi-Q,2,396053,7880,25,84000,237,7905
2025-08-01,2025-08-07,nongshim,Hoffi Family Channel,UCIHcoMwumqFdJCPA6WtMDag,1,1986,24,12,2950,594,36
2025-08-01,2025-08-07,nongshim,INTV Thai,UCpngK3GfIscX1MQrq_VUWeg,2,1229,13,0,43700,17442,13
2025-08-01,2025-08-07,nongshim,Im_Nb1 ÿ£ŸÖŸäŸÜ,UCK16a1sUUqribbZfyHAYeyg,1,1070,13,2,96400,4248,15
2025-08-01,2025-08-07,nongshim,Immy,UCU8DyWsmMtyBi_0UjRdryNA,2,2346801,0,33,214000,351,33
2025-08-01,2025-08-07,nongshim,Jeremy Smith,UC4JrthHi322p6_3YLKZ7GGQ,1,163,1,0,81,189,1
2025-08-01,2025-08-07,nongshim,Jiggaban ALIVE,UCjWDu3arpSfmUvOvFS3qFkg,1,201,17,0,127000,13284,17
2025-08-01,2025-08-07,nongshim,Just Elliot-Kinship Given,UCvXzKIZxfqBVU0lqe_cISzQ,1,107,0,0,95,58,0
2025-08-01,2025-08-07,nongshim,KOREAUZ,UCwPBk2a9LvcqaB2SXWzB0-Q,1,2043,21,3,539,172,24
2025-08-01,2025-08-07,nongshim,Katherine Charles,UCqnpE7dlWAcs3uG-YMyHuzA,1,932,10,1,505,130,11
2025-08-01,2025-08-07,nongshim,Kitchen Adventure,UCmAb5G7CgPIESDbx3b86Lqg,1,2754,70,2,156,7,72
2025-08-01,2025-08-07,nongshim,Kitten Kitten Li,UCAQRbq_W1dLVd42OHuPSqKA,1,1531,28,0,17,56,28
2025-08-01,2025-08-07,nongshim,LCK Global,UCKVlixycWmapnGQ_wht4cHQ,1,357343,1721,16,721000,6850,1737
2025-08-01,2025-08-07,nongshim,LightFuryLF,UCyZuvgP1t2vvZHgb8gsl3zw,1,524,14,0,139000,7660,14
2025-08-01,2025-08-07,nongshim,LoL Highlights,UC1ZCiSVXad5tnm2E13rrWcg,1,9,0,0,34,1088,0
2025-08-01,2025-08-07,nongshim,Loleventvods - LoL Esports: VODs & Montages,UCQJT7rpynlR7SSdn3OyuI_Q,2,653,4,0,213000,1527,4
2025-08-01,2025-08-07,nongshim,MabelMJ,UCt2uem6CnX66LLopvlUJMNQ,1,22,1,0,4,4,1
2025-08-01,2025-08-07,nongshim,Mahima minz,UCiOdD2lqNFbfExAqUICYv7g,1,933,0,1,110,55,1
2025-08-01,2025-08-07,nongshim,Mahmood Swings,UCBsE8dDQf_jeQpEM0QOh25w,1,284,4,0,895,73,4
2025-08-01,2025-08-07,nongshim,Meilia Natalia,UCRbf7ND18X9tRgFB0WGZe1g,1,933,0,1,4040,686,1
2025-08-01,2025-08-07,nongshim,MukjjangdooÎ®πÏß±Îëê,UC7IIGkRBrMDSc6edPJDfvaQ,1,51,2,3,66,12,5
2025-08-01,2025-08-07,nongshim,M√¨ H√†n Qu·ªëc XYZ,UCFcVVMSS6vnjQUGtTa-nRLw,1,96,0,0,1,16,0
2025-08-01,2025-08-07,nongshim,NONGSHIM Malaysia,UCCO3THPwh0tvhpw8c0VoWXg,1,451,0,0,940,140,0
2025-08-01,2025-08-07,nongshim,NS RedForce Mobile,UC0RwSLJxIu2DlnL5gaObtYQ,1,1893,5,0,306,253,5
2025-08-01,2025-08-07,nongshim,NS RedForce Valorant,UC-yb5eNBQyXBE9nZnht9u-g,1,2019,233,6,5290,329,239
2025-08-01,2025-08-07,nongshim,Nicole Hoang,UCWuTewvUFfdf8m-FqMu9tWQ,1,42,0,0,386,1885,0
2025-08-01,2025-08-07,nongshim,Nongshim Global,UCupqyYBoHWkIJrRZg9m3LTg,1,61,2,0,1590,87,2
2025-08-01,2025-08-07,nongshim,Noodle&Cat,UCW-YrPqnekfRRVN9-YeXalQ,1,1545,21,2,372,83,23
2025-08-01,2025-08-07,nongshim,Only keke„Öã„Öã„Öã,UC6OYKsssMP0gkBGuZzwi4jg,1,245628,4702,6,845,437,4708
2025-08-01,2025-08-07,nongshim,Penta Esports,UCnQUlajTMyaKxVgdOs2dLLQ,1,54,3,0,43400,2958,3
2025-08-01,2025-08-07,nongshim,Penta Originals,UCZBPxHdR54BlnGvuank8Qcw,1,2,2,0,1740,1241,2
2025-08-01,2025-08-07,nongshim,Rushindra Sinha,UCWPHFgcQYeB82-yyeoJEilQ,1,10125,351,59,111000,401,410
2025-08-01,2025-08-07,nongshim,Shark Gaming,UCMmMQRxH3y5pkpdT4puE6VQ,1,16740,237,0,133,86,237
2025-08-01,2025-08-07,nongshim,Sherin Indora,UC2Obn_hQmv-de6ID3UlWuZQ,1,4,0,0,2500,323,0
2025-08-01,2025-08-07,nongshim,Shreya Bahety,UClp-eMmrVIg3PeFCIfE30pA,1,8119,101,1,31,42,102
2025-08-01,2025-08-07,nongshim,Siam108news,UCmJw5r4fTkCxf-ndHV4BXwA,1,52,0,0,68200,4953,0
2025-08-01,2025-08-07,nongshim,Sliggy,UCBgWHcUevzhAJ3eWSetT8-g,1,46458,563,7,55100,841,570
2025-08-01,2025-08-07,nongshim,Snack Shots,UCI5QqwisWwCDIvlnHIniVEg,1,348,1,0,9,1,1
2025-08-01,2025-08-07,nongshim,The Ramen Rater,UCoO7I0stFzbrcLbHxZ7tOFA,1,213,5,4,23600,3944,9
2025-08-01,2025-08-07,nongshim,UPDATE TODAY,UCdLl0KWFxwMvObYJvy94raw,1,10,1,0,2690,1152,1
2025-08-01,2025-08-07,nongshim,VALO2ASIA,UCpFEt_PT8pw4dQea8ezMT8A,2,2285,55,30,8710,685,85
2025-08-01,2025-08-07,nongshim,Valorant Mundi,UCmbfLS3A3n_XbdvY8Zp-BWA,1,1410,32,7,60200,1508,39
2025-08-01,2025-08-07,nongshim,Valorant Ti·∫øng Vi·ªát 5,UChiK8nA4er7Y9xlaG8Af6bg,1,6298,141,0,4150,90,141
2025-08-01,2025-08-07,nongshim,WillChobra,UCeaQBmZYQdPIOxA1JD4Py9g,2,6789,377,24,8690,857,401
2025-08-01,2025-08-07,nongshim,ZeTS Esports,UCqAbv3238O-t1VpT1uadgxg,1,62,0,0,36,112,0
2025-08-01,2025-08-07,nongshim,boxcat,UCkNc2R2AtsQBlpdw0jT4k7w,1,1406,6,0,27,36,6
2025-08-01,2025-08-07,nongshim,nganu_maning,UCqBflLQdKsWi23RTvtNo8Hw,1,4,1,0,1,2,1
2025-08-01,2025-08-07,nongshim,seoulera13,UCq_7acX1ANMAY4bLjIe7gQw,1,86,2,0,767,191,2
2025-08-01,2025-08-07,nongshim,sriswa life,UCx3XpGmqM489FVM9-18TaVQ,1,906,8,0,145,54,8
2025-08-01,2025-08-07,nongshim,twentyfour news,UCPQ7sh6Oi4aEA8uDYGTE5Pw,1,223,3,0,180000,12533,3
2025-08-01,2025-08-07,nongshim,‡∏°‡∏≤‡∏î‡∏≤‡∏°‡πÄ‡∏°‡πâ‡∏≤‡∏ó‡πå,UCokfUqtXgVq1bVvPGcNfhyw,1,15,0,0,176000,13852,0
2025-08-01,2025-08-07,nongshim,‡∏£‡∏≤‡∏¢‡∏Å‡∏≤‡∏£ ‡∏™‡∏ß‡∏±‡∏™‡∏î‡∏µ‡∏™‡∏ñ‡∏≤‡∏ô‡∏µ‡∏Ç‡πà‡∏≤‡∏ß,UCVv29WLRjyI9w17F37Y5jiA,1,37,0,0,8320,328,0
2025-08-01,2025-08-07,nongshim,‡πÇ‡∏ã‡∏ô‡∏Ç‡πà‡∏≤‡∏ß PSI,UCfPrivNFxTuY77q8rvbKaVA,1,19,0,0,57800,6409,0
2025-08-01,2025-08-07,nongshim,‡πÑ‡∏ü‡πÄ‡∏Ç‡∏µ‡∏¢‡∏ß-ent. (Greenlight Ent.),UCERKNohgzkJSje5Sfh4pWbQ,1,261,15,1,1200,355,16
2025-08-01,2025-08-07,nongshim,‡∫ô‡∫ª‡∫á_LaoLishLife,UCrqbTe0KL-AFfJE_NP_0yrw,1,255,3,0,1830,870,3
2025-08-01,2025-08-07,nongshim,ËæâÊòü Planet 5ive,UC9yvp9rNyUGRljjHaJXjqFg,1,11,0,0,42,128,0
2025-08-01,2025-08-07,nongshim,Îü≠ÌÇ§Ïä§ÏΩîÎî© LuckyScoding,UCpvzpqXW8pPUvDkv3_kwr7g,1,792,8,0,167,46,8
2025-08-01,2025-08-07,nongshim,ÏÇ¨ÌååÏù¥Ïñ¥ÏôÄ ÏõåÎãà (sapphire&wony),UCXCFJp2eCDqh7OLm72EqONQ,1,636,1,0,10,21,1
2025-08-01,2025-08-07,nongshim,Ïò§ÎäòÎùºÎ©¥ Today's Ramyeon,UC0DgE62uoBIV7Q2ooqESHRQ,1,138,11,10,317,86,21
2025-08-01,2025-08-07,nongshim,ÏûîÏπò NS JANCHI,UCtKpuBtc1NTlpuiVKq-PwCg,1,1357,57,14,4500,34,71
2025-08-01,2025-08-07,nongshim,ÌïúÏûÖ ÏáºÏ∏†,UCKxw1kAQGEljy8Pl0NpKwCA,1,1077,1,0,60,36,1
2025-08-01,2025-08-07,pulmuone,IndieTrader (Ïù∏ÎîîÌä∏Î†àÏù¥Îçî) HMS,UCtid5H96-w93HYGj-bq9xFw,1,1664,2,0,72,118,2
2025-08-01,2025-08-07,pulmuone,LucyfursCookingAndReviews,UCa4S2GPABoOampN0PFMl_SA,1,26,7,2,55,59,9
2025-08-01,2025-08-07,pulmuone,my home,UCI5FMMbmCsmhtfciwLl2Eqg,1,9,0,0,1,35,0
2025-08-01,2025-08-07,samyang,@ASMR GAME99,UCQx4vFcjugP8foeosjiV6BA,1,7857,29,2,446,155,31
2025-08-01,2025-08-07,samyang,@Zultan aja,UC2gLbC_mZS0X2-WFQ3CUqTw,1,37,2,0,51,51,2
2025-08-01,2025-08-07,samyang,ASHISH DK VLOGS,UCrA--ox-Ixdr03Ad6AAwLYw,1,291,41,4,111,23,45
2025-08-01,2025-08-07,samyang,Ab-ril feble,UC6H8Erb_fYvZUsStf0_rEYQ,1,680,0,0,4790,1988,0
2025-08-01,2025-08-07,samyang,Adi Dharma,UCjGaAbE4Ga75J0OaQYAO2fA,1,28353,659,38,786000,1681,697
2025-08-01,2025-08-07,samyang,Agyo ASMR,UCprN4Fl-DGOOlfOzup90npA,1,602,15,3,41,22,18
2025-08-01,2025-08-07,samyang,Ai carita,UCFh05x20lIZsL0Hui2XhpyA,1,1107,6,0,4,9,6
2025-08-01,2025-08-07,samyang,Alexandru Domnariu,UCL82R4HP4btMa16IvaGO2xQ,1,487,1,3,5720,949,4
2025-08-01,2025-08-07,samyang,Alfatih LeMinHo (Zia Family),UCC_h9K2PCXxVgT12k7yF-Cg,1,8784,35,0,1260000,2953,35
2025-08-01,2025-08-07,samyang,And Erna,UCm0VF7PBn2vqlU3b5F6d3BA,1,1627,17,1,769,434,18
2025-08-01,2025-08-07,samyang,Anshi_vlog verse,UCl9og2wGGg15gk5zgcdwzYQ,1,3298,69,3,84,6,72
2025-08-01,2025-08-07,samyang,Any ‡∏≠‡∏±‡∏ç‡∏ß‡∏µ‡∏ì‡πå,UC7CvDvVtiJBZ8hOhXdRQyaQ,1,1853,16,0,579,153,16
2025-08-01,2025-08-07,samyang,Aprilü©∞üéÄ,UC9kKIGgQxUhE9Ub_g79GsLQ,1,113551,1627,6,137,13,1633
2025-08-01,2025-08-07,samyang,Archmage of Micin,UCZqWyszPfoBt3IDyAy3sAXA,1,8,0,2,17,39,2
2025-08-01,2025-08-07,samyang,Ari Maison,UCmfe2417sf3jw1MB0iNj3vA,1,15,0,0,502,23,0
2025-08-01,2025-08-07,samyang,Army,UCblem7RnjbYFGTHjtefjOew,1,30079,806,1,117000,858,807
2025-08-01,2025-08-07,samyang,Arsa Sauca,UCth9Z7QCYz81ph-tIUS5wHQ,1,3398,85,12,127,35,97
2025-08-01,2025-08-07,samyang,Artdump,UCoDuFn4QOaTHJ_sbbBvp1_g,1,181,0,0,16,24,0
2025-08-01,2025-08-07,samyang,Asirof Family,UCzDxZ9tiEBLIlfqJRoBM99g,1,1017,5,0,188,65,5
2025-08-01,2025-08-07,samyang,Astrofilo Massimo,UCQ3tHbnowUR4KOw0NZKrWxg,1,17,2,0,148,491,2
2025-08-01,2025-08-07,samyang,AuRichea Bloom,UCrJID8ayZcDMX_kBH694RSg,1,1060,10,0,25,19,10
2025-08-01,2025-08-07,samyang,Azumi mama cenul,UCtBPHz-4lOkICLH_XXyVVVg,1,93,4,1,145,12,5
2025-08-01,2025-08-07,samyang,Babang_arra,UCoQ9i1G1n67xGLL0OtzjcQg,2,2822,38,0,82,54,38
2025-08-01,2025-08-07,samyang,BaddieEats,UCDr239GDKMOi11c_RFV7aGw,1,7651,118,9,73400,45,127
2025-08-01,2025-08-07,samyang,Bani Babam Official,UCfsFi8wEl_EPjJ4wgsSSWJw,1,1180,4,0,2020,374,4
2025-08-01,2025-08-07,samyang,Berlian,UCJmnY1FnVLkbqorui0xnIfQ,1,1095,6,0,41,10,6
2025-08-01,2025-08-07,samyang,Bibb_Clipper,UCgFKAPsuwVniU3sxsgGzEUA,1,3036,28,3,24,3,31
2025-08-01,2025-08-07,samyang,Bibir Goyang,UC-iIsCiHBNkFogEyfrfd0jA,2,483081,3158,38,19200,264,3196
2025-08-01,2025-08-07,samyang,Bigfoot Diaries,UC5gFw2z70ZOPmxtaefDRSPA,1,2996,76,3,15800,78,79
2025-08-01,2025-08-07,samyang,Bittersweet By Najla,UCXowPj4LYdsXGEt2wvKWzvg,1,3973,53,3,1090000,623,56
2025-08-01,2025-08-07,samyang,Bocil Racing,UCq_nyy8Y4nfvK43rU0To4rg,1,868,8,0,3970,134,8
2025-08-01,2025-08-07,samyang,Brandon Wenzel,UCf6GGW0tXr5ICooFnitj8oA,1,1088,17,7,1970,4073,24
2025-08-01,2025-08-07,samyang,CALS,UCvSgPPRYr8DVxqGla8Q4Dbw,1,1653,23,4,347000,2199,27
2025-08-01,2025-08-07,samyang,CChoo,UCy8WvF4hanYOW4o2eZn40eA,1,1672,6,0,97,81,6
2025-08-01,2025-08-07,samyang,CERITA LALLA,UCqvouAkFwr950qF-rd4wPYQ,1,3,0,0,107,147,0
2025-08-01,2025-08-07,samyang,COOGI,UChAlU52srCrFP_Z6KBpcNow,1,972,4,1,1,2,5
2025-08-01,2025-08-07,samyang,COOKING,UCvfGZJ8q5XsSQmDf6qvlXXQ,1,889,9,0,20,16,9
2025-08-01,2025-08-07,samyang,Cabreranali,UCVLBmLfeIC7AcEosTqOSdqw,1,9,0,0,19,152,0
2025-08-01,2025-08-07,samyang,Camps Squad,UC45FSzbAS--pQJr_GgWjMsg,1,117,2,0,3440,402,2
2025-08-01,2025-08-07,samyang,Cecilnatlie,UCdeuv0ZePH67Y6TvpaVimEw,1,1236,9,0,155,174,9
2025-08-01,2025-08-07,samyang,Chanel Reign Serenity Life,UCw_OXmMbMlSA0tWPqfCEP4A,1,162,13,3,479,58,16
2025-08-01,2025-08-07,samyang,Charil Journey,UC_RXVYLaB2M1mZFuFEYiDYw,2,4939,25,0,946,125,25
2025-08-01,2025-08-07,samyang,Chef Supri,UCeH8PQEkKHbByhz0l1mRzNw,1,5114,0,0,859000,2139,0
2025-08-01,2025-08-07,samyang,Chloe Roque,UCUkFDd3fZT5_Qew2sy1g06g,1,14,0,0,124,39,0
2025-08-01,2025-08-07,samyang,Chong and Pat,UCr9Xs78hMyF4UT_dazFV5Kw,1,4198,233,1,49600,501,234
2025-08-01,2025-08-07,samyang,Chum Kevin,UC8gjizFBTTmDXbIfxpSTxmw,1,114397,7626,1042,1470000,1074,8668
2025-08-01,2025-08-07,samyang,Cinebographer,UCrij5nQcMfHhSPYWImfA_5A,1,360,13,2,119,10,15
2025-08-01,2025-08-07,samyang,Claude Flanagan,UC2t6UzJEhmy80fo_jHgL9fA,1,6150,168,4,40,88,172
2025-08-01,2025-08-07,samyang,Crystal,UCbPbRHtH7xjvg4y2j6m0xMA,1,2406,56,4,136,32,60
2025-08-01,2025-08-07,samyang,Curious2Know,UC8Km4TW1M65kewaqd7NnxQA,1,277192,4994,33,10900,804,5027
2025-08-01,2025-08-07,samyang,C√∫c C√¥ ƒê∆°n 1 M√¨nh,UCFUzbnrRC_FymylZvPAyXcw,2,16234,253,4,670,195,257
2025-08-01,2025-08-07,samyang,DUI GUMJA VLOGS,UCsCSIeNR1-3toFLUZplpvcw,1,727,67,32,411,30,99
2025-08-01,2025-08-07,samyang,Dani Bakrie,UC8TMwBLs_Is9UR4DQFyhcQg,2,2575,79,14,2960,1549,93
2025-08-01,2025-08-07,samyang,Dek Alzana,UCfmAELOnMNVE9FKTKIwmE9g,1,3,1,0,2,6,1
2025-08-01,2025-08-07,samyang,Delicious Recipe,UC9nd6yxk7srAxXqKC490Cjw,1,2,0,0,11,128,0
2025-08-01,2025-08-07,samyang,Deserae Sanchez,UC8lagMv7R30AjAJ6Ek3jCEg,1,334,2,0,0,1,2
2025-08-01,2025-08-07,samyang,Diane Mattos,UCOStOfLttqvCw1rGJJQ8Kvg,1,1104,7,0,1,81,7
2025-08-01,2025-08-07,samyang,Dinda Ragil p,UCv4cP_1PaatheOGHJSA1vmg,1,18,6,0,76,108,6
2025-08-01,2025-08-07,samyang,Dj Koe,UCSx9tE24_NC9OrswEmlXpAQ,1,6098,35,0,2380,226,35
2025-08-01,2025-08-07,samyang,Dxcd,UCTKjeaSoFq9BGuHRQDPot0g,1,199,2,0,9,17,2
2025-08-01,2025-08-07,samyang,Edward Voss,UC7vXEoRSDcy6xvLMwS4KRIw,1,1184,21,1,8,85,22
2025-08-01,2025-08-07,samyang,Ehku324,UC7tNeuBi-jynRPO0vuzgBTw,1,131,11,3,1010,140,14
2025-08-01,2025-08-07,samyang,Elfie Studios,UC9ixfGG77JXtFXdH0XAtpGA,1,13813,202,49,1220000,785,251
2025-08-01,2025-08-07,samyang,Elizabeth ann porad,UC9juAbm01iXLNXxbYUKNmOw,1,1929,15,0,74,36,15
2025-08-01,2025-08-07,samyang,Ellen,UC8g3BqKGGZwW32fXvO7QSPQ,1,24623,1749,64,1010,61,1813
2025-08-01,2025-08-07,samyang,Enjoythelife,UC5ho6MnfF-nrxad4CSZDaNQ,1,1718,16,0,21,8,16
2025-08-01,2025-08-07,samyang,Erika Wati,UCqCKS14ZV17WU2jeEXB77Kw,1,88,13,2,293,78,15
2025-08-01,2025-08-07,samyang,Evia Nur Fadhillah,UC2QNwBrzC8zYOqnwy31sErA,1,136,3,3,26,10,6
2025-08-01,2025-08-07,samyang,Eyya&Issa,UCWcvz43nKFtmVJqxb5PoqBw,1,55,5,0,1,1,5
2025-08-01,2025-08-07,samyang,FAISAL MAULANA,UCEiobUnbiKgm6engVBQHFkw,1,2142,15,0,109000,2005,15
2025-08-01,2025-08-07,samyang,FUN_FOODY,UCUlSFzLKwAXI-2eLdrb-7BQ,1,12,4,0,4,3,4
2025-08-01,2025-08-07,samyang,Fanny cantik ,UCzO4G0X1aoBuihHnElMvhmw,1,13,0,0,78,315,0
2025-08-01,2025-08-07,samyang,FastFoodGuy,UCAHZX9sjpUExg3QQd16Hy2g,2,78514,1650,10,13100,113,1660
2025-08-01,2025-08-07,samyang,Fire_micke,UC7CG62CuDoOeoEV7O5DcJZQ,1,223,12,11,882,3203,23
2025-08-01,2025-08-07,samyang,Florentin Family Vlog ,UCj41Sb85OuMUqw2mEWjg8iQ,1,781,51,5,6890,33,56
2025-08-01,2025-08-07,samyang,Food diaries ,UCaDY9dgfqRsAx3r2giV2f-Q,1,2173,0,1,65,17,1
2025-08-01,2025-08-07,samyang,Food is love üçΩÔ∏è,UC9Zl5y3FqwM2WqhyHLqNI2g,1,1656,0,9,9,19,9
2025-08-01,2025-08-07,samyang,Froline Life Update,UCVGAvJr2Lzr6vxuvECaN8nA,1,371,3,2,9,27,5
2025-08-01,2025-08-07,samyang,GEN Z YT,UCVBaOjEqTM9oUm9PoFRAQ4w,3,18782,0,2,673,49,2
2025-08-01,2025-08-07,samyang,GOKULPRIYA vlog's 9252,UChH9qFKIs_pABDGLFX1Iz_A,1,1174,72,0,335,118,72
2025-08-01,2025-08-07,samyang,GUDANG SENAPAN JAMBI Official (.com),UCDDvKjkG6wA0BJq7JYUl1OQ,1,287,3,4,1970,320,7
2025-08-01,2025-08-07,samyang,Gaby Jovita,UC-sabdhgCa9NKMhPfSSc63A,1,185408,1796,161,882000,1543,1957
2025-08-01,2025-08-07,samyang,Ghazbiyya Afizah As-Syazani,UCL-grt0HFsbS3pTwb1sezPA,1,596,3,0,66700,2715,3
2025-08-01,2025-08-07,samyang,Gokhan Karakas,UCekAZHhlgZVS-ojObagAAOA,1,2897,133,24,38600,327,157
2025-08-01,2025-08-07,samyang,HALAL EATS,UCWq5OBzL5NrWiPzhVpaahLQ,1,687,4,1,1810,1036,5
2025-08-01,2025-08-07,samyang,Hafsa Tasneem,UCwmNFUSbezcCwo_oYg3Mdhw,1,2483,27,0,9460,47,27
2025-08-01,2025-08-07,samyang,Hai audie ,UCSY_g7q5rGhZOtCoW4alb0g,1,6514,34,0,70800,992,34
2025-08-01,2025-08-07,samyang,Happy Mom ,UC2eTyx1fNbN06K3CdkzXFag,1,1514,6,0,494,320,6
2025-08-01,2025-08-07,samyang,Happyday paper,UCg7kKTKtR31lQXAtpAN4Omg,2,4171,42,0,7810,222,42
2025-08-01,2025-08-07,samyang,Hardianbayu,UCKbtE9fybPxPZFSvak9A54A,1,338604,2900,135,94000,401,3035
2025-08-01,2025-08-07,samyang,Hari‚Äôs Life,UCkQ8uMH7-EoJchPLhJaSPvw,1,22413,154,1,194,173,155
2025-08-01,2025-08-07,samyang,Healthy Kitchen,UC6VCGaMzb26IZzt0IRGY-Tg,1,9480,170,2,3780,179,172
2025-08-01,2025-08-07,samyang,Hi Zend,UCP-d7H7ezdXBI0tfCRwqR7A,1,7378,20,0,2570,385,20
2025-08-01,2025-08-07,samyang,Hijab Food asmr,UC2Ng200ZtfpI4AapafLIUwA,1,2238,20,4,314,17,24
2025-08-01,2025-08-07,samyang,Hilman Taupik,UCQxfN0ppJ3kX7ew-1LED_QA,2,25142,115,0,4350,591,115
2025-08-01,2025-08-07,samyang,Hiyhana,UC1bbDOE3UW_9pVoWz83vy-A,1,2818,15,4,953,163,19
2025-08-01,2025-08-07,samyang,HnB Digital (Camera Store),UCKFwVA6ntTW13Wpnbb2EVKQ,1,1474,5,0,245,292,5
2025-08-01,2025-08-07,samyang,Hoa-ASMR,UC_PWD5qO7d1X_ok13vBSi-Q,1,451728,8063,18,84000,237,8081
2025-08-01,2025-08-07,samyang,Ikhsan Apridho,UC2NygCcsRL_XrGwVePsGx5g,1,34,0,0,64,10,0
2025-08-01,2025-08-07,samyang,ImanVioletGamer726,UCPGk8wLTtvp1cNDY7HNaDfQ,1,1744,13,1,663,353,14
2025-08-01,2025-08-07,samyang,Imronsodiq,UCqGl6_nAoLQdAFb36N_oWfg,2,259,2,0,36,24,2
2025-08-01,2025-08-07,samyang,Intan Rahardiani,UC8SqVS4w1V3hJqIXs1R4Q-A,1,1064,11,0,8730,1498,11
2025-08-01,2025-08-07,samyang,Jes&Jel,UCrbe6RFNRbEdq1ZvOxfGFVw,2,3153,41,1,142,54,42
2025-08-01,2025-08-07,samyang,Jess,UCPv6vM5td8ngirif2D3g1rg,1,6654,431,9,948,102,440
2025-08-01,2025-08-07,samyang,K.D.M.999,UCorC9-S70CVyAXhE2Ix7jNA,1,31,0,0,13800,263,0
2025-08-01,2025-08-07,samyang,KELUARGA ARDAFA,UCoVVLe9sxiAD0aqyiaYnB7A,1,790,10,0,2820,221,10
2025-08-01,2025-08-07,samyang,Kalemla Sport,UCCNBtFtAdSJyw1C9eUv5MjQ,1,14857,269,15,63700,717,284
2025-08-01,2025-08-07,samyang,Katanya Kembar,UCEILpfsOSzqNiaNBEUSxKJg,1,3551,99,4,74,18,103
2025-08-01,2025-08-07,samyang,Kayleigh Lee,UCCn7DMlPZtwpwl7CwDjPDqA,1,1142,6,0,24,230,6
2025-08-01,2025-08-07,samyang,Keep driving,UCaR3aSZCR1ysoKDAzF1lK4A,1,265,9,0,30,66,9
2025-08-01,2025-08-07,samyang,KeiKei,UCUG6MpKhlJunvUKt6n_zqrw,1,223228,2440,316,1330000,3102,2756
2025-08-01,2025-08-07,samyang,KelvanH,UCUaSgLBsgZUaEwGBv1OkWFg,1,103635,1952,77,1420000,1277,2029
2025-08-01,2025-08-07,samyang,Koh Lukas Longkutoy,UCJ6Np-P8bwAW7o1C_pz2J4A,1,27783,1618,7,8950,103,1625
2025-08-01,2025-08-07,samyang,KuanKuan & SongSong,UCOFEOFGv0MT0b9FPIXGNByQ,1,4004,344,5,26,4,349
2025-08-01,2025-08-07,samyang,Lavenia Juniarti,UCaprQJaXP37gFYWh2jsVxVA,1,16310,67,0,37500,1443,67
2025-08-01,2025-08-07,samyang,Laxmi Magar,UCF1H44e1h3F2RBZw0NLNONw,3,2283,18,0,74,28,18
2025-08-01,2025-08-07,samyang,LiLiEATS ASMR,UCAeQiaUQvMcDUxSTtGlWPoQ,3,4324,102,25,910,130,127
2025-08-01,2025-08-07,samyang,Lilian Grimmxandra„ÄêAKA Virtual„Äë,UCEFx7PserYcSAD3p66sOMWA,1,1823,333,1,177000,1958,334
2025-08-01,2025-08-07,samyang,Lillian Martinez,UC0HTiP8W0n7QiaU-fkK-2ag,1,1049,8,0,0,3,8
2025-08-01,2025-08-07,samyang,Lorensia Liling,UCkbzcijMRcRkXBYrYFDYi6A,1,15884,129,0,3700000,3047,129
2025-08-01,2025-08-07,samyang,Lucie Tiny,UCN56P-jSEocJ7ggiWYtGb6A,1,1262,279,17,1710,35,296
2025-08-01,2025-08-07,samyang,MIZNIII,UCewKz9u5BmeDZ61B9bWkZlg,1,20091,703,55,94100,525,758
2025-08-01,2025-08-07,samyang,MUKBANG CULAMETAN,UCLERbKD-DrsKJYz4DpMTXCQ,1,2773,12,0,2100000,960,12
2025-08-01,2025-08-07,samyang,MUKBANG KUY,UClgLmzhnIYCv5ttbvTzjU4w,1,796,9,0,50,42,9
2025-08-01,2025-08-07,samyang,Mahnoor Lifestyle ,UCvieYS9tnTBbSdsqF2Zjl3w,3,8617,96,6,3290,373,102
2025-08-01,2025-08-07,samyang,Mak mpom,UC3v7feWDXxjb1OjNQlrSQWw,2,256410,942,0,106000,2764,942
2025-08-01,2025-08-07,samyang,Makaila Jeihan Family,UCtNCFRL4TH3XxTea39rYrtw,1,1446,13,0,628,510,13
2025-08-01,2025-08-07,samyang,Makoto Anak Indonesia ,UCrLLVE8LnJB1v2PwIYPQdrg,1,1200,4,0,727,563,4
2025-08-01,2025-08-07,samyang,Mama Nameda Ryuga,UCaieMGz9HAKAyXN4cDN8zMQ,1,693,6,0,60,61,6
2025-08-01,2025-08-07,samyang,Mang vetruk,UCfQLpoxGmMuEcGwINU52kcQ,1,28647,192,2,13100,1160,194
2025-08-01,2025-08-07,samyang,Marco Espinoza,UChNbVBzrjR-xBnqEs7hlI8A,1,1985,15,0,3,159,15
2025-08-01,2025-08-07,samyang,MasMakan,UCSRrHM60KGS3vC2jJIgHbPQ,1,9558,110,3,684,126,113
2025-08-01,2025-08-07,samyang,Melody and Merci,UCRIogIfIXPDhCo73Yy1HOAg,1,3138,52,2,7980,545,54
2025-08-01,2025-08-07,samyang,Mia Edwards,UCM9KPV787T0nnXP17XHykSA,1,994,8,0,1,3,8
2025-08-01,2025-08-07,samyang,Mini üçÄ,UC-eOSyGhj18BmrU97eAXghw,2,5686,36,2,34,17,38
2025-08-01,2025-08-07,samyang,Miniature Cooking ,UC5nA6O_7aYs3zWEX83m3jnw,1,13638,144,15,2220000,1007,159
2025-08-01,2025-08-07,samyang,Mommy Rena ,UCPEvFPgs2BfgDz4EFlkWRMg,1,2688,14,1,3,6,15
2025-08-01,2025-08-07,samyang,MongShil ASMR Î™ΩÏã§,UC1SPPI_MRgloSrtLlAIQONg,1,4347,34,0,135,18,34
2025-08-01,2025-08-07,samyang,Mrs Petter,UCOm-Qhwsn56KzNBFzgxBSAA,1,1442,9,0,114,246,9
2025-08-01,2025-08-07,samyang,Mukbang Bersama Bent,UCPB5FCNjfLiozXYavdKbDTw,1,881216,10884,112,13000000,1246,10996
2025-08-01,2025-08-07,samyang,Murasaki Mart,UC8wV8IuN5pPQJRrDUjb-IHg,1,12953,233,0,32800,174,233
2025-08-01,2025-08-07,samyang,Mysha Zenia,UCsrDQbpb3TM3Kk0KAaLccYQ,1,1076,6,0,527000,6380,6
2025-08-01,2025-08-07,samyang,NASTYA,UCApUEdkdyN-7bEdAk4adomQ,1,6552,127,2,2980,210,129
2025-08-01,2025-08-07,samyang,Nae Noodles,UCg0S7VrRrxoO6hT1TYHayKA,1,2713,67,4,9960,821,71
2025-08-01,2025-08-07,samyang,Nak Sale! ,UCzyOTGCByC5NVdct63DyYmg,2,6741,82,0,3700,949,82
2025-08-01,2025-08-07,samyang,Nanda Novita Sari,UCqjHUkM7y4kcKNVvF7D8voQ,1,1599,82,22,292000,2265,104
2025-08-01,2025-08-07,samyang,Nandin,UCvlBx94oQezec0ylcJTfnnA,1,1375,9,0,5,5,9
2025-08-01,2025-08-07,samyang,Nastya Safronova,UCotxER7yFKR4JRYgFHxaLRg,1,2784,28,1,3,4,29
2025-08-01,2025-08-07,samyang,Nhii nh·∫£m nh√≠ üéÄ,UCEQ0wdHWkXgzw3oUZeioBXQ,1,1622,0,0,53,1,0
2025-08-01,2025-08-07,samyang,Nilesh Tambe,UCmHLGOGvlqcCs3d9gXx0XvQ,2,36,1,0,231,39,1
2025-08-01,2025-08-07,samyang,Noodles Station,UCVGiMjnXbbcwLZ-Bz268dww,4,6765,116,20,36,9,136
2025-08-01,2025-08-07,samyang,Nor Ranita,UCB7RjtGfPWcc20_pQQLLDVw,1,56640,611,123,1330000,1824,734
2025-08-01,2025-08-07,samyang,Nor faeze,UCl8bUw65IB_pl81lUrIF7fA,1,22,1,1,46,24,2
2025-08-01,2025-08-07,samyang,N‚Äôet gallery,UC687dIPIgu7wHgirj0a1qcQ,1,751,9,2,2770,1452,11
2025-08-01,2025-08-07,samyang,OMEGA KHASI hills Gamer ,UCDoAUrtO9Eg1kIysPg1gDpQ,1,12370,78,0,437,157,78
2025-08-01,2025-08-07,samyang,Odil_Operator7773,UCYhUj9wxIU7efef_VICXVZg,3,1708,8,0,17,51,8
2025-08-01,2025-08-07,samyang,Pamsky,UC8Gw5ivTf1sWSjqBeTNQaeg,1,11,0,0,25,9,0
2025-08-01,2025-08-07,samyang,Paradise Flower Hline,UCIjCKGx1WXKxovpL8S_dlcA,1,1643,15,0,35,50,15
2025-08-01,2025-08-07,samyang,Paws of Courage120,UCOki-vXckOnri9jVdWOXlPw,1,3781,85,2,4540,257,87
2025-08-01,2025-08-07,samyang,Pinoys,UCl25gx0MWZUU_M5OMOqFrNw,1,9025,137,3,11,6,140
2025-08-01,2025-08-07,samyang,Pk Brothers,UCwOdPweRW83FIE1whvNy7tA,1,1294,20,0,11300,573,20
2025-08-01,2025-08-07,samyang,Pubdok Photography,UC4pgZBSHryST-hRDzOcJWtQ,1,74,0,0,402,143,0
2025-08-01,2025-08-07,samyang,Quen Mukbang ,UCDeR1M-niB7349JFK9yUEQQ,1,263,12,2,9,3,14
2025-08-01,2025-08-07,samyang,R A A N,UCAQ73O8WokmGwTw-HhhlPIg,2,4,0,0,0,12,0
2025-08-01,2025-08-07,samyang,R. Sai,UCovP0vO98fV14HunVQE0AIQ,1,22166,487,2,630,325,489
2025-08-01,2025-08-07,samyang,Rafka alfarizqi channel,UCUtHBq_gFzGvyGWduvmzA0g,2,1428,12,0,594,908,12
2025-08-01,2025-08-07,samyang,Real Ale Craft Beer,UCToLK0FybrEO9BwODMoWAow,1,2708,145,68,88800,10890,213
2025-08-01,2025-08-07,samyang,ReetPete,UCYoTNzt_lyZR_3kW_wMa_Ww,11,17832,97,1,574,157,98
2025-08-01,2025-08-07,samyang,Review t·∫•t t·∫ßn t·∫≠t- C√¥ g√°i ƒê√† Th√†nh,UC9svIobBsryq66WbirYFmOQ,1,8,0,0,165,440,0
2025-08-01,2025-08-07,samyang,Rituüå∑,UCJ0MJdFtKhrJ5_FcZcPfiDw,1,313,8,0,22,28,8
2025-08-01,2025-08-07,samyang,RonRon_kun,UCxqAP9DPtYBWvqwFCRR7f6g,1,70,0,0,7380,158,0
2025-08-01,2025-08-07,samyang,Ronalie Santillan Abong,UCoE-kdGRJCvLBrHeVDJ0lvQ,1,1,0,0,7,12,0
2025-08-01,2025-08-07,samyang,RoyGitsu,UCMvKlxigftjhmzzXTjFsPkg,1,203,2,0,1240,421,2
2025-08-01,2025-08-07,samyang,Ruang Fitra,UCvU6IGUhZamPEWpB2rTIr0Q,1,1289,9,0,3770,152,9
2025-08-01,2025-08-07,samyang,Ryan & Monique,UCMhy0bCHPgtJOmJK20KP5UQ,2,1418,37,2,142,39,39
2025-08-01,2025-08-07,samyang,SAS-ASMR,UCp4LfMtDfoa29kTlLnqQ5Mg,1,64585,2374,70,9360000,2645,2444
2025-08-01,2025-08-07,samyang,SKD World,UCatw-glWWS7PdzUYPvzQaxA,1,85,0,0,17,23,0
2025-08-01,2025-08-07,samyang,SKY_ayu,UC-r4K2kWWdHazy8il5fzrug,1,6,0,0,210,306,0
2025-08-01,2025-08-07,samyang,SNR  Kitchen ,UCku2HYI9K2Kw0P7szpU4VHg,1,3344,29,0,2320,557,29
2025-08-01,2025-08-07,samyang,Saba Javed,UCeR_lCQbgcGHlWpq1crCWsw,1,1,0,0,1210,803,0
2025-08-01,2025-08-07,samyang,Sachiandkhey,UC1z9o57mW40GgWRgqrvGFsg,1,8587,89,3,10900,1135,92
2025-08-01,2025-08-07,samyang,Samyang Lens ÏóòÏºÄÏù¥ÏÇºÏñë,UCJUhH8nOoZ26flxew8RJBPA,2,2637,0,0,46200,355,0
2025-08-01,2025-08-07,samyang,Sana limbu,UCJSiTRV4LQKTK0KY0auTpQg,1,6,0,0,1,3,0
2025-08-01,2025-08-07,samyang,Sang ƒÉn Sang,UCzTopxBz0iccLyLGxgRr8KA,1,953,21,2,94,66,23
2025-08-01,2025-08-07,samyang,Santosh stha,UCZb2kKg9Ecv9q2J5Je-StpA,1,2632,41,4,804,19,45
2025-08-01,2025-08-07,samyang,Sarahslurps,UCtWTesiCFC243juBTaIEEKw,1,7,1,0,6,132,1
2025-08-01,2025-08-07,samyang,Sathi,UCjsuN8GhIgzQm7iTFZYReSg,1,1008,8,0,13,18,8
2025-08-01,2025-08-07,samyang,Scott Randall,UC6tHGni_dhGRjrcDz6w9Jhg,1,736,3,0,0,147,3
2025-08-01,2025-08-07,samyang,Selebriti Malaysia,UCpPVT2SI3jL-_8aNTkM0Tgw,1,2992,50,1,208000,14181,51
2025-08-01,2025-08-07,samyang,Shinobu Yamamoto,UCGaYHbsUcZy0z11TYibZ69A,1,183,13,3,1240,87,16
2025-08-01,2025-08-07,samyang,SiFahrul,UC2WMb48O9wNZH0F6ymPCa7w,1,185,5,3,28,18,8
2025-08-01,2025-08-07,samyang,Stephanie Anderson,UCQpWO0-ZMmEJOwJ4_-ErEMg,1,710,14,1,112,206,15
2025-08-01,2025-08-07,samyang,SumiVlog ,UCF03yhOYqEYhjqEQhybYxyw,1,4127,56,1,129,30,57
2025-08-01,2025-08-07,samyang,Sunan Edogawa,UCy7AankwGv34Ejc8osvhGQw,1,8976,50,0,3450,930,50
2025-08-01,2025-08-07,samyang,Supermercado Otugui,UC-KuytaQXXgamdS1XquVx-w,1,1299,18,0,1260,209,18
2025-08-01,2025-08-07,samyang,Sushanta Neye,UCIQsIJYKqhroqBRXnypzJhg,1,1431,16,0,63100,4490,16
2025-08-01,2025-08-07,samyang,Sweet Asia Bites,UCqKsUoG6TOk6OnilEqM-pcw,1,5,1,0,1,68,1
2025-08-01,2025-08-07,samyang,TAMANINI FT,UCD4S3af6QKbKdXgjRjDBLZA,1,2363,64,3,150,5,67
2025-08-01,2025-08-07,samyang,Table for 2 Diaries,UClFBB1ld7x4X-RqRysUdOVg,1,10770,275,0,172,36,275
2025-08-01,2025-08-07,samyang,Tak Ya,UC_nrfxYGbPTYA7-y7l9rzyg,1,284,2,0,68,70,2
2025-08-01,2025-08-07,samyang,Takhob Noi,UCQSmHqR7jBKQok6IQBvL8JA,1,3864,144,2,754,275,146
2025-08-01,2025-08-07,samyang,Thatfoodielyss,UCqgPnPbWmzzOFGlpzjysxew,1,20,0,0,8,70,0
2025-08-01,2025-08-07,samyang,The Artisan's Journal üìö,UCidM8PCQ0o4VPNM0XuG6MWw,1,1252,26,17,332,240,43
2025-08-01,2025-08-07,samyang,The Great Picdini,UCABz2ar1OumUJ9O3GzGq51w,1,706,11,5,367,501,16
2025-08-01,2025-08-07,samyang,The Ramen Room,UC7zpgvLo6VCr2GmyALZSfrQ,1,2400,156,5,869,112,161
2025-08-01,2025-08-07,samyang,Three spicy kings,UCPFZAdaWWakCpVup6MhzyrA,1,435,7,1,1030,115,8
2025-08-01,2025-08-07,samyang,Tiewgubjhapat ‡πÄ‡∏ó‡∏µ‡πà‡∏¢‡∏ß‡∏Å‡∏±‡∏ö‡∏à‡πã‡∏≤‡∏û‡∏±‡∏ä,UCiH2H5zsy6h37WRp9hkbBZA,1,2677,44,0,535,315,44
2025-08-01,2025-08-07,samyang,Tina Mini Cooking,UCmcUAA6iuCZHQMWXtoYHZBg,1,168834,20795,105,1820000,272,20900
2025-08-01,2025-08-07,samyang,Tiny Mila Chef,UCj7lkfXjDI1tcM9yp3cpFGg,1,216,171,7,1900,149,178
2025-08-01,2025-08-07,samyang,Uniflower,UCC7Ov4JSteff9K_i-vrXYWQ,1,20720,99,0,1530,285,99
2025-08-01,2025-08-07,samyang,Valkyrja's Fun Time - Play with learning toys,UCW_UWko75EzPm-CEwqKSDYQ,3,1628,16,0,9720,2152,16
2025-08-01,2025-08-07,samyang,Vina Destiana,UCnGZzNjKgzy_6pRlFs2p2iQ,1,409,1,0,21700,1053,1
2025-08-01,2025-08-07,samyang,Viral short Videos .01,UCOaS8weOfHc7FKQMQTziqCw,1,104,1,0,8260,2916,1
2025-08-01,2025-08-07,samyang,Wadi N Adri Officiall,UCwCApujtgPYXZ4Jx-FFqUWg,2,12187,84,0,9890,771,84
2025-08-01,2025-08-07,samyang,Wan Ade üî•,UCZEzjHw2ym8D7VRNTClzjMw,1,66793,2874,8,35100,1063,2882
2025-08-01,2025-08-07,samyang,Widonarko,UCardM0Dx7qom9K83iAvA0PQ,1,4954,34,0,12700,421,34
2025-08-01,2025-08-07,samyang,Wiki's Stove,UC9XQSEe6F2BI-SxKWwNG3pQ,1,109,6,0,83,35,6
2025-08-01,2025-08-07,samyang,Wilder Quiroz,UCxtpzyRl7gTzJOlmzuPkgJw,5,4995,26,3,49,92,29
2025-08-01,2025-08-07,samyang,William Sanchezwilliamxw2csgxxg77ckve,UCsbD03WmMVpD6pqqXPasyyw,1,1,0,0,0,3,0
2025-08-01,2025-08-07,samyang,XII BSI 2 _ENGLISH CLASSüí•,UCfUQIRVh_Dv8oqUodrdFETg,1,8,1,0,6,9,1
2025-08-01,2025-08-07,samyang,Yuda,UC0__jVAkQgQl5LPe3oiyS_w,1,39976,2951,220,112000,149,3171
2025-08-01,2025-08-07,samyang,Yuni Ara,UC46mF9fCn0OLRX0-2_AEoKg,1,107425,758,1,15300000,7373,759
2025-08-01,2025-08-07,samyang,Zahra Sofia 5,UCBtTrD1fh-6ujmva94QlX3Q,1,186,0,0,13100,473,0
2025-08-01,2025-08-07,samyang,Zee Eats,UC47uQqokJB9EPkQvcIUmNzQ,1,1936,10,0,39,33,10
2025-08-01,2025-08-07,samyang,ZidiSYCO ,UCAXPfALegiZmUw7W0hC2htA,1,22,1,0,3,7,1
2025-08-01,2025-08-07,samyang,anak kost mukbang,UCFniaE49j5xH-6diwbQbr3g,1,1564,17,0,93,70,17
2025-08-01,2025-08-07,samyang,baby chodeyy,UCW9wisGdFk-jmuo1BhS_Ytg,1,37,4,1,15,7,5
2025-08-01,2025-08-07,samyang,blue,UC2IyEE6sMJR4oCtHzG1WKIw,1,2156,15,3,56,46,18
2025-08-01,2025-08-07,samyang,boxcat,UCkNc2R2AtsQBlpdw0jT4k7w,1,540,6,2,27,36,8
2025-08-01,2025-08-07,samyang,calista khanza,UCEsIRJ81PqkqL83PVfF6uZw,1,18,1,0,78,741,1
2025-08-01,2025-08-07,samyang,chanel_roblox,UC1pHa-zDh-V1rGSObUWpiBQ,1,447,0,0,20,23,0
2025-08-01,2025-08-07,samyang,channel _Alika,UCw696zJkfyUhCTyrcSx9q0Q,1,3,0,0,97,98,0
2025-08-01,2025-08-07,samyang,dimashadi,UCyJZPDeE_UIFHiJd20CcHag,1,556,4,0,558,45,4
2025-08-01,2025-08-07,samyang,eLClippz,UCk4DOAjW4GDSazge0wEOm_g,1,4006,29,0,26,33,29
2025-08-01,2025-08-07,samyang,funnywithabiya,UC3-bv3tovuFYNrZNmxoxQyw,1,62,1,0,36500,682,1
2025-08-01,2025-08-07,samyang,gotkimchi,UCjvYbr220ZyX8-gIbEVdGsg,1,1697,14,0,97,60,14
2025-08-01,2025-08-07,samyang,hah,UCs1WxRO8xQy-os0comzSw9w,1,317,9,0,1410,1,9
2025-08-01,2025-08-07,samyang,heiieka,UCpQ4zU16c2-6-rolD1YpLyQ,1,886,3,0,2930,110,3
2025-08-01,2025-08-07,samyang,ikak –≤–∫—É—Å–Ω–æ,UCc6kdukblnww2XaIhM_BIGA,1,57,2,0,1340,645,2
2025-08-01,2025-08-07,samyang,itskondre,UCzTj4_Qig4bG3rMtPMxQGYw,1,1146,12,0,81,46,12
2025-08-01,2025-08-07,samyang,joanne salgado,UCR0OSyGM4bWaCHFKRvY5XKQ,1,61,2,0,2570,800,2
2025-08-01,2025-08-07,samyang,khoa vlog 17,UCkRsaV7McjpHVAxuEiG8ZWQ,1,238,19,3,200,20,22
2025-08-01,2025-08-07,samyang,lKING_Zoro,UCuJd3eQoi2d_r5uhINrFirg,1,1435,13,0,10,6,13
2025-08-01,2025-08-07,samyang,lynnie us,UCQZOSg4zeg3shJUWgPM7Nug,1,96,5,0,23,44,5
2025-08-01,2025-08-07,samyang,milena martins,UCrqfA3E4kviMhAutuXEuZlg,2,47,0,0,6,40,0
2025-08-01,2025-08-07,samyang,mirrorlessNY,UC8DW87icmJePaqn6BvgAM6g,1,3090,43,2,1980,813,45
2025-08-01,2025-08-07,samyang,moodwithfan,UCNjTl43ZS9ayxT6phfHg2-g,1,395,2,0,8,19,2
2025-08-01,2025-08-07,samyang,mr TINTIN. ,UCXz7sJn0fklY_cjVtHnZnWg,1,332,55,0,170,20,55
2025-08-01,2025-08-07,samyang,mukbang channel,UC6sIZS9yg8CijWlKVmBA6KQ,3,10008,413,0,1010,80,413
2025-08-01,2025-08-07,samyang,mukbangAi,UC4iaSPJq_7rsHOQ9NN9BMvg,3,103,11,21,12,18,32
2025-08-01,2025-08-07,samyang,mukbangmakan ,UCnqctqEAy---JjST4uH40gw,1,3,0,0,6,13,0
2025-08-01,2025-08-07,samyang,on the day of grey ,UCzMVCAT_kZopY3ksJ42G2ug,1,2185,20,0,25,16,20
2025-08-01,2025-08-07,samyang,one and only,UCitqaCuyPSPE_RU1nfZ_3Xw,1,11,1,0,0,3,1
2025-08-01,2025-08-07,samyang,onlyoliver,UCAiFAr4shU_wqvtGE1Z-xhw,1,745,0,4,1990,924,4
2025-08-01,2025-08-07,samyang,ophelia,UC-7CUTiPELXTKYCgVCA087w,1,12,1,0,5070,59,1
2025-08-01,2025-08-07,samyang,pearlflutter,UClV_Rpaxb5elWEKbPWmRY1g,1,1369,18,0,20,41,18
2025-08-01,2025-08-07,samyang,snackie,UCJaoQXY_DrBOSZbiB8VGAlw,1,2221,23,2,93,16,25
2025-08-01,2025-08-07,samyang,stoeriya studio,UCwE-HxOeNOO11UrL7_SpnWA,1,8,2,0,419,124,2
2025-08-01,2025-08-07,samyang,vince asher dg,UCJEQnYfKjPIOzhFmVRP_wZw,1,1,0,0,34,262,0
2025-08-01,2025-08-07,samyang,vlln rndm‚òÖ,UCezGOXtbbF5vHvJepSc8PHQ,1,1757,14,0,1390,43,14
2025-08-01,2025-08-07,samyang,yasha  McBang ,UCsDbH0aZB6dRpdQS2PTgV_A,2,90,3,5,38,16,8
2025-08-01,2025-08-07,samyang,yummyfoodclip,UC3UPKJn-Ys7tuJZ0eoeCUYQ,1,2239,18,0,7,8,18
2025-08-01,2025-08-07,samyang,zestianloveskorea,UCyAagF_yLF7XlnAUzima8xg,1,2051,14,0,5530,2068,14
2025-08-01,2025-08-07,samyang,–í–∞–ª–µ—Ä–∞ –ú–∞—Ä—á–µ–Ω–∫–æ,UCcFASCP4PGqYV3LRCYT1dIg,1,1842,46,6,559,540,52
2025-08-01,2025-08-07,samyang,–£ –ú–∞–∫—Å–∞,UC70-OEdh9mmuiSSXzKBdOUQ,1,1294,86,21,12200,1854,107
2025-08-01,2025-08-07,samyang,·¥Ä…¥…¢·¥á ü ·¥ç…™·¥Ñ·¥ú,UCm4pajZaPTc5ix4PRAzop8w,1,52,13,21,759,178,34
2025-08-01,2025-08-07,samyang,‚Ä¢ùêëùüíùüìùêòùüí._ùê†ùê†ùêúùüéùüéùê•‚Ä¢,UCTVsQ930_bgS2O4wx_V3D4Q,1,1456,26,6,171,146,32
2025-08-01,2025-08-07,samyang,Êº¢Â®úQQ,UCkor8cLQK8tfeLqncRI4YnQ,1,49,1,0,34,32,1
2025-08-01,2025-08-07,samyang,ÈòøLeeÂ®òÂ®ò,UCBaHmsIo7CwFJRfK31JxLBw,1,1936,37,1,861,361,38
2025-08-01,2025-08-07,samyang,ÎπÑÏ¶àÎãàÏä§ÌîåÎü¨Ïä§(BUSINESSplus),UCT6DC0L1N4_c6kU3779pX0w,1,4234,19,5,129,43,24
2025-08-01,2025-08-07,samyang,Ïä¨Î°úÏä§ ÎèÑÎÑõü¶•SlothDoughnutü¶•,UCJs999W-6HFqAuXOAtSXtYg,1,7035,104,0,85100,295,104
2025-08-01,2025-08-07,samyang,Ïò§ÎäòÎùºÎ©¥ Today's Ramyeon,UC0DgE62uoBIV7Q2ooqESHRQ,1,358,12,6,317,86,18
2025-08-01,2025-08-07,samyang,ÌïúÏûÖ ÏáºÏ∏†,UCKxw1kAQGEljy8Pl0NpKwCA,1,5346,8,0,60,36,8
2025-08-01,2025-08-07,samyang,ùë≥ùë®ùëµ_ùë®ùíÑùíåùíÜùíìùíéùíÇùíè~,UCq1IPEqDPoD35tvp7MJ_y2w,1,1516,14,1,326,146,15
2025-08-01,2025-08-07,samyang,ùúóùúö mata ùúóùúö,UCjI64oQY-qAD7567lTNA49g,1,8,1,0,83,78,1
2025-08-01,2025-08-07,shin ramen,@Butterflies12,UCl7I_Z6cdHvlY3yhXjqN_Ag,1,2462,26,1,38,13,27
2025-08-01,2025-08-07,shin ramen,Ann & Pang‚Äôs Life studio ,UCKGOirM6ZY-V7hTwBJQm7hA,2,24082,420,13,277,99,433
2025-08-01,2025-08-07,shin ramen,Ari's Kitchen,UCj7cygqBRpI4-XxWkKPCvYg,1,1981,14,1,9,6,15
2025-08-01,2025-08-07,shin ramen,Char,UC75n9JrpB3cOOJUmpUZrX_A,2,439,30,5,278,101,35
2025-08-01,2025-08-07,shin ramen,Desmond Faison ,UCHbuuoY4PxT1jv4aQSsXmOA,1,44,6,1,32,7,7
2025-08-01,2025-08-07,shin ramen,Garfieldlover,UCUe6NE0Md867wKxX5eE9MxA,1,1450,11,0,24,110,11
2025-08-01,2025-08-07,shin ramen,Goky Eats,UCa4nMHWVUirT5JcBvLC8i4A,1,310,5,0,285,49,5
2025-08-01,2025-08-07,shin ramen,Heimoment,UCXbCwhlPiSRC93ys86IngrQ,1,9752,748,8,240,46,756
2025-08-01,2025-08-07,shin ramen,Hira Cooking & Blogger,UCP6ZfPrfTOf5mGTxNywz98w,1,2056,15,0,6170,385,15
2025-08-01,2025-08-07,shin ramen,Hungry Monster Food Review,UCqcR2BVtQExKpVJIMsCAf_g,1,380,11,3,690,67,14
2025-08-01,2025-08-07,shin ramen,IM HUNGRY SE ,UCebocXcx0GTZ8wi1mm5gt_g,1,1849,23,0,9,37,23
2025-08-01,2025-08-07,shin ramen,Immy,UCU8DyWsmMtyBi_0UjRdryNA,1,214532,0,9,214000,351,9
2025-08-01,2025-08-07,shin ramen,Iwen Fu,UCzCscG9rdbtdXblZYb6_7Lg,1,1393,11,0,1550,485,11
2025-08-01,2025-08-07,shin ramen,Kaliyah Yang,UCDZ9x8mLxyUSw9Erw4gV3Mg,1,5063,265,3,75,45,268
2025-08-01,2025-08-07,shin ramen,Keep Up With Food,UCauVDIwuNjTkoz01vcG1Bhg,1,1963,54,0,13,5,54
2025-08-01,2025-08-07,shin ramen,Kristy Vo,UCVr0Oa2Ihv3zBwbcgcX4OVQ,1,708,10,0,130,513,10
2025-08-01,2025-08-07,shin ramen,Man Tries Food,UC6ZBjCMNqf7Kd-h5zM09ZfA,1,4172,47,12,530,44,59
2025-08-01,2025-08-07,shin ramen,Miranda ,UCj9ANeUc07jnkCW7oAQjTxg,1,38647,998,11,6350,91,1009
2025-08-01,2025-08-07,shin ramen,Modern Pepper,UCmUag2c_h1Yd1l-KSJ2n_Gw,1,4148,270,24,266000,295,294
2025-08-01,2025-08-07,shin ramen,Mr Crazy Buzz,UCjA1g4VCgowter5IlXwLVyA,1,2,0,0,2,61,0
2025-08-01,2025-08-07,shin ramen,Omakase Club,UC2h6ERwAeymI9-h3pKAd4qw,1,21379,554,15,881,77,569
2025-08-01,2025-08-07,shin ramen,Paru Rai,UCza3Z3vwOxsTGBLk95Mn2qg,1,477,168,182,4750,396,350
2025-08-01,2025-08-07,shin ramen,Siso n Brew,UCItaVEKtmeDlyNAwl4BDxeg,1,1396,9,1,12,48,10
2025-08-01,2025-08-07,shin ramen,Siz&Serve,UCcZfjeBcVaEEC0SY_IJE1zA,1,7,0,0,4,3,0
2025-08-01,2025-08-07,shin ramen,SooaKitchen,UCyao8zRwU0SnGppAGc8b9dQ,1,1242,0,2,25,10,2
2025-08-01,2025-08-07,shin ramen,Tess Thi EATS,UCQzLeRIiWKlVTMY6gQvc16w,1,189,12,3,1460,180,15
2025-08-01,2025-08-07,shin ramen,The Ramen Room,UC7zpgvLo6VCr2GmyALZSfrQ,1,768,16,2,869,112,18
2025-08-01,2025-08-07,shin ramen,TheMexicanBean HonoredBean,UCOQJtLawju8LspYZ1UBBazg,1,886,7,1,21,35,8
2025-08-01,2025-08-07,shin ramen,TinChichu17 Sooyah,UCqf0ldrQR5Fuutef5GHmZxg,1,3,0,0,974,89,0
2025-08-01,2025-08-07,shin ramen,WatchITNow_Official,UCJ7L376zC6J3FzcWvKeKuCw,1,1,0,0,419,128,0
2025-08-01,2025-08-07,shin ramen,Yomi Chef,UCNfFaTia1yKVVeIif7-FaXw,1,18276,421,14,453,32,435
2025-08-01,2025-08-07,shin ramen,justakaur,UCpO5Ww0Rq5TyO9LGXGvuC6A,1,1929,16,4,152,62,20
2025-08-01,2025-08-07,shin ramen,moonlight dreams ,UC8L05vEtrQEUQcNjlqHS1AQ,1,125,20,28,34,11,48
2025-08-01,2025-08-07,shin ramen,nets,UCy1edwFWEqVa0QdYNx8CWHw,1,26,3,0,49,13,3
2025-08-01,2025-08-07,shin ramen,uk lo godavariammayi,UCvnj6A4CdgrTMDb5Iu_Pyig,1,706,0,1,1190,51,1
2025-08-01,2025-08-07,shin ramen,wannabechefmatt,UCsrVVmAzpf9WIDN3K4hm-_g,1,37774,1651,53,154000,239,1704
2025-08-01,2025-08-07,shin ramen,„Å†„Å≥„Å°„ÇÉ„Çì„Å≠„Çã,UCxXZJje7YNmkZ8PvLZfY2pw,1,291,2,0,8,16,2
2025-08-01,2025-08-07,shin ramen,È£üÁâ©,UCyUam0dc9-bZqotjIp1s3sA,1,11,0,0,3,24,0
2025-08-01,2025-08-07,shin ramen,ÍøÄÌåÅÏ†ÑÏàò,UCoy0spF8IloBPW0smDkooEg,1,202,4,0,4,4,4
2025-08-01,2025-08-07,shin ramen,Îã§Ï†ïÌïúÎ∂ÄÎ∂Ä a loving couple,UC8p6LWJpLe--k6ZOcwsuJKg,1,27873,0,631,57200,1685,631
2025-08-01,2025-08-07,shin ramen,Îß•Ïä§Ìë∏ÎìúMAXFOOD,UCUWQbYuls8qWcZF-BUvGEAw,2,7861,196,1,1970,99,197
2025-08-01,2025-08-07,shin ramen,ÏöîÎ¶¨ÎãåÏûê ÍπÄÏπòÍµ≠,UCtLjIu0mO3m9qnGjMspWL6Q,1,1229,3,1,325,94,4
2025-08-01,2025-08-07,shin ramen,Ìï∏Ï¶àÏò®Î™ΩÌÇ§ Hands On Monkey,UCdgsYsqlLahiDK3ttEckJVg,1,68,3,1,71,108,4
2025-08-01,2025-08-07,shin ramyun,A_Watterson,UCb3XsQW9AturwGsrtUg3mLA,1,2038,18,1,178,22,19
2025-08-01,2025-08-07,shin ramyun,Ana‚Äôs Global Table,UCpyjcEY0u8178_IXRaUVGmg,1,69,5,0,119,79,5
2025-08-01,2025-08-07,shin ramyun,Anmol Qadeer,UC0OfZvlZyI1CkcG55jT-UKA,1,5280,61,1,129,52,62
2025-08-01,2025-08-07,shin ramyun,Ann & Pang‚Äôs Life studio ,UCKGOirM6ZY-V7hTwBJQm7hA,1,23069,405,10,277,99,415
2025-08-01,2025-08-07,shin ramyun,Ariana,UCUpfFnW_1_Sd4NZnHjkIDCg,3,18,3,0,2,10,3
2025-08-01,2025-08-07,shin ramyun,Ayu Arsy Melinda [Ayumi Sung ÏÑ± ÏïÑÏú†ÎØ∏],UCwXuVEfYb7zXtUkO4KQtzpg,1,469,5,0,611,904,5
2025-08-01,2025-08-07,shin ramyun,Chef_AI_Dog,UCet9zB-z-9ZKmJ0CyP37ktA,2,2147,21,2,10,8,23
2025-08-01,2025-08-07,shin ramyun,Cherry_VR,UCAfjcbXN7Prh9brIX8NMfAg,1,3,0,0,179,350,0
2025-08-01,2025-08-07,shin ramyun,Chill side up ,UCeV6f60zd-gH24VfLGwce1g,1,873,30,1,64,35,31
2025-08-01,2025-08-07,shin ramyun,Colourful menu,UCvTt-CQlhzLcKHd5qKU2opg,1,1436,21,0,204,69,21
2025-08-01,2025-08-07,shin ramyun,CrittyCooks,UCCpHTM9PXKdnSfSVZ62R1VQ,1,1593,8,0,289,119,8
2025-08-01,2025-08-07,shin ramyun,Daily AI Treat,UCd0omf-Ij5Qc30J-3xq0c9A,1,1080,12,0,47,35,12
2025-08-01,2025-08-07,shin ramyun,Deil World,UC5Wl9S-esj7Cb3wi4brpJig,1,9472,172,1,6970,81,173
2025-08-01,2025-08-07,shin ramyun,DyMeDasy ,UC1XKV9bAuI1whbZXHslIvhw,1,35406,518,2,3170,77,520
2025-08-01,2025-08-07,shin ramyun,EBreg chanel,UCYqG1163VguF0r_jYY3B0fw,1,344,8,0,152,38,8
2025-08-01,2025-08-07,shin ramyun,Everyday Korean with Sangmi,UCxPqXVdqUuViPXDarKidoXw,1,389,2,0,9,24,2
2025-08-01,2025-08-07,shin ramyun,Foodie Chronicles ,UCU2O4BJxxVnWG8nRSEMGdRw,1,2712,23,0,36,67,23
2025-08-01,2025-08-07,shin ramyun,Gargi Agarwal,UCzONB86KZXBsYj9Nd_V7UiQ,1,1270,27,2,2420,165,29
2025-08-01,2025-08-07,shin ramyun,Golden Vine,UCbBJ5DMc0-a1P70D09KJXEw,1,1435,25,0,15,5,25
2025-08-01,2025-08-07,shin ramyun,Hailey Kim,UCHprAdWU4e5MWEZEUlfjxOg,1,110379,2576,57,32900,70,2633
2025-08-01,2025-08-07,shin ramyun,Husbanduck,UCPekTZVPFXJmvLl9jdsdEVQ,1,7845,72,1,21,11,73
2025-08-01,2025-08-07,shin ramyun,Irang Stage & Vlogs,UChhP08ToxFev4RvSLrgTj4g,1,1296,0,2,1760,73,2
2025-08-01,2025-08-07,shin ramyun,It's MayuüíóüéÄ,UCBJZIGwcfhTrLY9l7pLqi7g,1,15,6,0,45,91,6
2025-08-01,2025-08-07,shin ramyun,Its Daisy ,UCfRgPGwVPvwo7d6eD7y4M7g,1,1217,13,0,53,22,13
2025-08-01,2025-08-07,shin ramyun,Jiggaban ALIVE,UCjWDu3arpSfmUvOvFS3qFkg,1,201,17,0,127000,13284,17
2025-08-01,2025-08-07,shin ramyun,Joon  Vlogs,UC4W08fbuKbDzMG7x3Ti6kRg,1,54,3,1,59,125,4
2025-08-01,2025-08-07,shin ramyun,Juliana Lee,UC0eadBsgUjAnsJctnSa5CLQ,1,0,0,0,48,288,0
2025-08-01,2025-08-07,shin ramyun,Kaliyah Yang,UCDZ9x8mLxyUSw9Erw4gV3Mg,1,5063,265,3,75,45,268
2025-08-01,2025-08-07,shin ramyun,Katherine Charles,UCqnpE7dlWAcs3uG-YMyHuzA,1,932,10,1,505,130,11
2025-08-01,2025-08-07,shin ramyun,Keep Up With Food,UCauVDIwuNjTkoz01vcG1Bhg,1,1963,54,0,13,5,54
2025-08-01,2025-08-07,shin ramyun,Kimchi Bites,UCQvFr80-0V7NiAeRq1KY65A,1,15078,607,7,51500,55,614
2025-08-01,2025-08-07,shin ramyun,Kitten Kitten Li,UCAQRbq_W1dLVd42OHuPSqKA,1,1531,28,0,17,56,28
2025-08-01,2025-08-07,shin ramyun,Korean uncle's food vlog,UCFbvazepD-_pivKUM0Rd6GQ,1,3134,14,1,2,13,15
2025-08-01,2025-08-07,shin ramyun,Kristy Vo,UCVr0Oa2Ihv3zBwbcgcX4OVQ,1,708,10,0,130,513,10
2025-08-01,2025-08-07,shin ramyun,KtuluPepinillos,UCo22nGLtyrxIT_LikBBr3Iw,1,0,0,0,6,437,0
2025-08-01,2025-08-07,shin ramyun,Leny Ramirez,UCpMSO7GGomRzbTBXOWcvn1A,1,58,0,0,264,601,0
2025-08-01,2025-08-07,shin ramyun,MAYA ÎßàÏïº KOREAN,UCNBK4iarIH7ePAitaMd_tNw,1,437,4,0,12,5,4
2025-08-01,2025-08-07,shin ramyun,Magic of Flavor ,UCb_EDOM_nzITrqM-_SnvlYw,1,490,7,0,30,13,7
2025-08-01,2025-08-07,shin ramyun,Miki DailyBite,UCXOb8Gvut5ethOpusPZ-b0A,1,1420,15,0,97,109,15
2025-08-01,2025-08-07,shin ramyun,NONGSHIM Malaysia,UCCO3THPwh0tvhpw8c0VoWXg,2,653,3,0,940,140,3
2025-08-01,2025-08-07,shin ramyun,Nongshim Global,UCupqyYBoHWkIJrRZg9m3LTg,1,61,2,0,1590,87,2
2025-08-01,2025-08-07,shin ramyun,Novita Rizki,UCiLjmcLQ-vj81SrE3dlokPA,1,360,3,0,48,57,3
2025-08-01,2025-08-07,shin ramyun,OME GIRL,UCY0gUmpFVhBKP7D4uF4pI9Q,1,1212,48,10,2390,184,58
2025-08-01,2025-08-07,shin ramyun,Omu Chiang,UCN4j22apvz4RySHNuHeXKBA,1,2550,116,7,170,71,123
2025-08-01,2025-08-07,shin ramyun,Only keke„Öã„Öã„Öã,UC6OYKsssMP0gkBGuZzwi4jg,1,245627,4702,6,845,437,4708
2025-08-01,2025-08-07,shin ramyun,Phan vlog,UChtJ57OALbthCPQOvHtU9VQ,2,1707,9,2,1610,248,11
2025-08-01,2025-08-07,shin ramyun,PuchiApa,UCVsDk1RlQc9ERCfjzcw88LA,1,10895,365,19,307,14,384
2025-08-01,2025-08-07,shin ramyun,Sarita Shrestha,UCgdPO1dRZP2Gb0lPb6uo6Pg,1,1066,6,0,104,53,6
2025-08-01,2025-08-07,shin ramyun,Sawmtea Tarker Baby,UCXgpxeMMUAYCWi2Mup1DZzQ,1,4369,552,28,15100,118,580
2025-08-01,2025-08-07,shin ramyun,Seoulful Bites,UC-stPgSuJfg5w9K9KZ6mPPw,1,1569,7,0,30,16,7
2025-08-01,2025-08-07,shin ramyun,Simmers,UC3MiMTEPcllabDE5OtXfMcA,1,5419,24,0,110,58,24
2025-08-01,2025-08-07,shin ramyun,Siz&Serve,UCcZfjeBcVaEEC0SY_IJE1zA,1,7,0,0,4,3,0
2025-08-01,2025-08-07,shin ramyun,SnackFact,UC7I1WtUSvobwV5gN3hKDFjA,1,1,0,0,43,110,0
2025-08-01,2025-08-07,shin ramyun,SooaKitchen,UCyao8zRwU0SnGppAGc8b9dQ,1,1242,0,2,25,10,2
2025-08-01,2025-08-07,shin ramyun,The Ramen Rater,UCoO7I0stFzbrcLbHxZ7tOFA,1,213,5,4,23600,3944,9
2025-08-01,2025-08-07,shin ramyun,The Ramen Room,UC7zpgvLo6VCr2GmyALZSfrQ,2,4574,156,7,869,112,163
2025-08-01,2025-08-07,shin ramyun,Tintin Garay ‚òòÔ∏è,UC75KbMAgggrTGcA0rXzK5AA,2,1406,4,3,1990,710,7
2025-08-01,2025-08-07,shin ramyun,Vicky Pham,UCQwjgMEcaxKGrT6rR2urdFA,1,1192,4,0,272,147,4
2025-08-01,2025-08-07,shin ramyun,WatchITNow_Official,UCJ7L376zC6J3FzcWvKeKuCw,1,1,0,0,419,128,0
2025-08-01,2025-08-07,shin ramyun,"Xiao Li Foodie ü•£
",UCoz8g0wC80HR3KLa8ITKfsg,1,2,0,0,123,104,0
2025-08-01,2025-08-07,shin ramyun,Xiao Zhang,UCETb42Lh5VuH9GXttVLhy-A,2,28510,462,0,138,20,462
2025-08-01,2025-08-07,shin ramyun,justakaur,UCpO5Ww0Rq5TyO9LGXGvuC6A,1,1929,16,4,152,62,20
2025-08-01,2025-08-07,shin ramyun,moohvlog,UCL_qwpP1WhipZm7oPD9BGlg,1,2227,22,2,51,88,24
2025-08-01,2025-08-07,shin ramyun,ryyeoo,UChqOieZb8AW3tgQ_17l9MHw,1,2292,15,0,53,159,15
2025-08-01,2025-08-07,shin ramyun,shuma akther,UC1F3n8w2PIy0n2D3EkB_QAw,1,1677,11,0,70,106,11
2025-08-01,2025-08-07,shin ramyun,sovella sisters,UCBfCCSViyGRIdXiL81Bg9Bw,1,192,3,6,6,1,9
2025-08-01,2025-08-07,shin ramyun,‚ô°R√∏sie P√∏sie‚ô°,UCadlsJRCvKfR5VJuhdRJfxA,1,61,2,4,550,989,6
2025-08-01,2025-08-07,shin ramyun,Îã§Ï†ïÌïúÎ∂ÄÎ∂Ä a loving couple,UC8p6LWJpLe--k6ZOcwsuJKg,1,27873,0,631,57200,1685,631
2025-08-01,2025-08-07,shin ramyun,Î™®Îãô,UCrg6c4qfin70UCQF2Djv91w,1,1451,5,0,134,69,5
2025-08-01,2025-08-07,shin ramyun,Ïò§ÎäòÎèÑÎùºÎ©¥,UCUf-GoeKjYvItlmpwZQPR7Q,1,3561,38,2,431,32,40
2025-08-01,2025-08-07,shin ramyun,Ïò§ÎäòÏùò ÌñâÎ≥µ,UCq07eu5nNr_aZMd4U5KutZA,1,1924,8,0,1360,728,8
2025-08-01,2025-08-07,shin ramyun,ÏöîÎ¶¨ÎãåÏûê ÍπÄÏπòÍµ≠,UCtLjIu0mO3m9qnGjMspWL6Q,1,1229,3,1,325,94,4
2025-08-01,2025-08-07,shin ramyun,ÏßÑÏßúMan,UCzuWeB4gw_TTHT4GUH25asA,1,1476,23,3,152,32,26
2025-08-01,2025-08-07,shin ramyun,ÏºÄÏù¥ÎìúKADE,UC7MnxkNaEEp_9PG2JjgVlpw,1,1515,11,5,1210,154,16
2025-08-01,2025-08-07,shin ramyun,ÌååÎèåÏù¥ (PaDol Î®πÎ∞© ASMR),UC-xxfr6sfOUtupk3MYc75Uw,1,20518,919,77,16400,249,996
2025-08-01,2025-08-07,shin ramyun,ÌïúÏãùÌÅ¥ÎùºÏì∞,UCFhvOLfXqcJErKrf7AXAjnA,1,13031,345,2,23400,496,347
2025-08-01,2025-08-07,shin ramyun,ÌïúÏûÖ ÏáºÏ∏†,UCKxw1kAQGEljy8Pl0NpKwCA,1,1077,1,0,60,36,1
2025-08-01,2025-08-07,shin ramyun,Ìï∏Ï¶àÏò®Î™ΩÌÇ§ Hands On Monkey,UCdgsYsqlLahiDK3ttEckJVg,1,68,3,1,71,108,4
2025-08-01,2025-08-07,shin ramyun,üíïLife in Sydney üíï,UCWUoDinj1W7OOewa41Q7G3Q,1,1421,6,0,77,87,6
