keyword,date,video_mentions,top_channels
beksul,2025-08-28,0,
beksul,2025-08-29,0,
beksul,2025-08-30,0,
beksul,2025-08-31,0,
beksul,2025-09-01,0,
beksul,2025-09-02,0,
beksul,2025-09-03,0,
bibigo,2025-08-28,6,No Menu Cooking;ProHyperSpace02;Ordinary Cooking
bibigo,2025-08-29,4,Rosio Lohse02;BapTable;Thyâ€™s Cozy Corner
bibigo,2025-08-30,2,bazachi. com;Sale Going On Now
bibigo,2025-08-31,1,Eva å¨ƒå¨ƒ
bibigo,2025-09-01,4,ì¡°ìœ¨í‚¹;Rayan Beauty Secret;Tela Tv
bibigo,2025-09-02,4,Fun Everyday Life;Piggy & DIY;Cherry Lady Style
bibigo,2025-09-03,0,
binggrae,2025-08-28,3,Strahd Creative
binggrae,2025-08-29,1,Strahd Creative
binggrae,2025-08-30,2,3C Huang;US Mart - SiÃªu Thá»‹ Nháº­p Kháº©u ChÃ­nh HÃ£ng
binggrae,2025-08-31,3,Fun with Eva / Food & Travel;fitness home workout ;_mlsvh
binggrae,2025-09-01,2,Viwantstoknow;ĞĞ• ĞšĞ¡Ğ®Ğ¥Ğ Ğ˜ ĞĞ• ĞĞšĞ¡ĞĞĞ
binggrae,2025-09-02,0,
binggrae,2025-09-03,1,DAY6
bristol farms,2025-08-28,0,
bristol farms,2025-08-29,0,
bristol farms,2025-08-30,0,
bristol farms,2025-08-31,0,
bristol farms,2025-09-01,1,Mrs. Coloma-Flores
bristol farms,2025-09-02,0,
bristol farms,2025-09-03,0,
buldak,2025-08-28,106,Tina Mini Cooking;Alivia Donai ;cocoeatz
buldak,2025-08-29,116,Kim&Liz Too;Ladymysterie;irene kim ê¹€ì˜ˆë¦°
buldak,2025-08-30,62,QUEEN BEAST;Sherpa Family;kelseylovespho
buldak,2025-08-31,34,Stoney Choi;aimschia;Saralein
buldak,2025-09-01,63,Fahmimi ASMR;UNAU MUKBANG CHANNEL;Aaron Yarbrough
buldak,2025-09-02,36,Gokeekeego & GOGOtv;Jeck Design;Curious2Know
buldak,2025-09-03,4,Buldak Official;OhMyMisty;Hieuasmr 
chamisul,2025-08-28,0,
chamisul,2025-08-29,1,ìˆ˜ì´íŠ¸ Suite 
chamisul,2025-08-30,0,
chamisul,2025-08-31,0,
chamisul,2025-09-01,1,Blueming05
chamisul,2025-09-02,0,
chamisul,2025-09-03,0,
chapagetti,2025-08-28,2,ì£¼ì•ˆìƒ Liquor Table (Bites & Booze);Cixi
chapagetti,2025-08-29,2,ì¸ë•ì›ì•„ì¬;Chris Tran
chapagetti,2025-08-30,3,ì€ì§€í;the Polaris of the Desert;TEEBeats
chapagetti,2025-08-31,3,Life In Korea;AnnuSujanğŸ–¤;Dot manâ€™s child
chapagetti,2025-09-01,2,à¸„à¸¸à¹‰à¸¡à¸„à¹ˆà¸²à¸—à¸¸à¸à¸à¸²à¸£à¹ƒà¸Šà¹‰à¸ˆà¹ˆà¸²à¸¢à¸œà¹ˆà¸²à¸™à¸£à¹‰à¸²à¸™à¸„à¹‰à¸²à¸­à¸­à¸™à¹„à¸¥à¸™à¹Œ;ë§›ì¦ ; JOYFUL FOOD
chapagetti,2025-09-02,2,ìš°ë¦¬ë“¤ë§Œì˜ë¦¬ê·¸;Radhika Mathur
chapagetti,2025-09-03,0,
chilsung,2025-08-28,0,
chilsung,2025-08-29,0,
chilsung,2025-08-30,0,
chilsung,2025-08-31,0,
chilsung,2025-09-01,0,
chilsung,2025-09-02,0,
chilsung,2025-09-03,0,
chum churum,2025-08-28,0,
chum churum,2025-08-29,0,
chum churum,2025-08-30,0,
chum churum,2025-08-31,0,
chum churum,2025-09-01,0,
chum churum,2025-09-02,0,
chum churum,2025-09-03,0,
chung jung one,2025-08-28,0,
chung jung one,2025-08-29,0,
chung jung one,2025-08-30,0,
chung jung one,2025-08-31,0,
chung jung one,2025-09-01,0,
chung jung one,2025-09-02,0,
chung jung one,2025-09-03,0,
daesang,2025-08-28,9,ğ“¢ğ“½ğ“®ğ“µğ“µğ“ª_ğ“½ğ“®ğ“®ğ”ƒ;@rzh.t;shiberminnn
daesang,2025-08-29,0,
daesang,2025-08-30,2,S-DRAGON;Noodle&Cat
daesang,2025-08-31,0,
daesang,2025-09-01,3,Cantik Shalzabillah;S-DRAGON;michellato
daesang,2025-09-02,1,S-DRAGON
daesang,2025-09-03,0,
dongwon tuna,2025-08-28,0,
dongwon tuna,2025-08-29,0,
dongwon tuna,2025-08-30,0,
dongwon tuna,2025-08-31,1,ë™ì›F&B(Dongwon)
dongwon tuna,2025-09-01,0,
dongwon tuna,2025-09-02,1,Global Pulse
dongwon tuna,2025-09-03,0,
emart,2025-08-28,7,E-MART;TM TIME GOD FF;NhÃ  Ä‘áº¹p Nguyá»…n CÆ°á»ng - BÃ¡n nhÃ  GÃ² Váº¥p - Tp HCM
emart,2025-08-29,8,MOSESJAU;E-MART;Arte Light Studios
emart,2025-08-30,11,BÃ¡n nhÃ  GÃ² Váº¥p | HoÃ i Trinh bÄ‘s;Islami Emart TV;E-MART
emart,2025-08-31,7,Ike Wahyuningsih;Rishu Sharma;RANGS eMART
emart,2025-09-01,10,ë”°ë¼ì¡ì•„ê²½ì œ;Jeniffer Pilo;Md Galib
emart,2025-09-02,10,Thanh VÃ¢n Long An 34;ë”°ë¼ì¡ì•„ê²½ì œ;Miri City Sharing Channel
emart,2025-09-03,0,
haitai ice,2025-08-28,0,
haitai ice,2025-08-29,0,
haitai ice,2025-08-30,0,
haitai ice,2025-08-31,0,
haitai ice,2025-09-01,0,
haitai ice,2025-09-02,0,
haitai ice,2025-09-03,0,
havmor,2025-08-28,10,Reveal it ğŸ;My Tangled World;PRITI_OFFICIAL
havmor,2025-08-29,6,Sathishallinall;Nilam ice dish Gola 1;ng_artshala
havmor,2025-08-30,5,DiZo Vlog;Swaad Bharat ka;Fa
havmor,2025-08-31,4,Being_Ganesh;vj vlogs;All Assam boy 
havmor,2025-09-01,4,Sasmita's kitchen;MockTails Couple;All Assam boy 
havmor,2025-09-02,4,Ranjana's View;Havmor Ice Cream;In Garimaâ€™s FrameğŸ’•
havmor,2025-09-03,1,Kashish
hetbahn,2025-08-28,0,
hetbahn,2025-08-29,0,
hetbahn,2025-08-30,0,
hetbahn,2025-08-31,0,
hetbahn,2025-09-01,0,
hetbahn,2025-09-02,0,
hetbahn,2025-09-03,0,
jin ramen,2025-08-28,7,BlakeBlake;ë§¥ìŠ¤í‘¸ë“œMAXFOOD;K-Food Note
jin ramen,2025-08-29,7,food_injimin;Foodie cook Nishu;Jin Ramen by Otoki
jin ramen,2025-08-30,3,ReviewerOfAllThings;Jhope topic;Korealifepicks
jin ramen,2025-08-31,1,YUJÃ‰ (ìœ ì œ)
jin ramen,2025-09-01,6,Stephanie Jen (Teppy);Queen Girl;Bri and D
jin ramen,2025-09-02,4,DailyBlossom;Lozzawayne;K-Taste Kitchen
jin ramen,2025-09-03,0,
jinro,2025-08-28,3,Colour Satisfying ArtğŸ¨;ê³µë²„ì§€FatherGong;Emma
jinro,2025-08-29,1,Nyan91
jinro,2025-08-30,1,Inventos da ana
jinro,2025-08-31,1,maxime richard studio (animation)
jinro,2025-09-01,2,Fave Beer;The Beer Guide
jinro,2025-09-02,0,
jinro,2025-09-03,1,PeterF
jongga,2025-08-28,3,RollinJoint;Nicole Hoang;badabiang rani
jongga,2025-08-29,1,bazachi. com
jongga,2025-08-30,1,Noodle&Cat
jongga,2025-08-31,2,Life_H;ê¶Œì˜
jongga,2025-09-01,0,
jongga,2025-09-02,1,Burns Campbell
jongga,2025-09-03,1,Iron wark
kanu coffee,2025-08-28,0,
kanu coffee,2025-08-29,0,
kanu coffee,2025-08-30,0,
kanu coffee,2025-08-31,0,
kanu coffee,2025-09-01,0,
kanu coffee,2025-09-02,1,inyoung.
kanu coffee,2025-09-03,0,
kooksoondang,2025-08-28,0,
kooksoondang,2025-08-29,0,
kooksoondang,2025-08-30,0,
kooksoondang,2025-08-31,0,
kooksoondang,2025-09-01,0,
kooksoondang,2025-09-02,0,
kooksoondang,2025-09-03,0,
kyochon,2025-08-28,2,Sky Jinsei no Tabi;ìŒë¹„SSANGBI
kyochon,2025-08-29,1,Kevin Patrick ì¼€ë¹ˆíŒ¨íŠ¸ë¦­
kyochon,2025-08-30,2,GG;Alda Havilah
kyochon,2025-08-31,3,sarah hanifah;HuiRu xue;Felicia Ngadiman
kyochon,2025-09-01,1,Oopsie Poopsie
kyochon,2025-09-02,0,
kyochon,2025-09-03,1,Jonathan
lotte choco pie,2025-08-28,8,MK Experiment ;Aaliya's Vlogs;Aravind Gamer Yt 
lotte choco pie,2025-08-29,5,cookies and crunch;Candy Creations ;Anjali Cooking & Art 
lotte choco pie,2025-08-30,12,Farhan Foodhub 333;Shoaib Lollipops Unboxing ;Life with Saadia
lotte choco pie,2025-08-31,8,Candy Creations ;Lotte India;Tasty food with shova
lotte choco pie,2025-09-01,3,Mohammad ;JAPAN TREATS; arts and cooking
lotte choco pie,2025-09-02,3,viral trending Candy ;Harinder Kaur Ladhar;Nida ki duniya 
lotte choco pie,2025-09-03,3,Vaishali Mistu kitchen;Mohammad ;Sanacker World 
lotte mart,2025-08-28,6,Duong KN Vlogs;LOTTE MART Vietnam;Há»‡ Thá»‘ng Xe MÃ¡y Há»“ng PhÃºc - ThiÃªn PhÃºc
lotte mart,2025-08-29,5,ë°œë¦¬ë§ˆë…€TV balimanyu;Anarchist Cats;Há»‡ Thá»‘ng Xe MÃ¡y Há»“ng PhÃºc - ThiÃªn PhÃºc
lotte mart,2025-08-30,6,KOKO ASUN æ¥Š é“ ç´” ğŸ’;NhÃ  Ngon Phan Thiáº¿t;Teresiapara
lotte mart,2025-08-31,1,Jess
lotte mart,2025-09-01,9,NhÃ  Äáº¥t Quang Minh BÃ¡n NhÃ  GÃ² Váº¥p - TÃ¢n BÃ¬nh.;YesTV;Bali Hints
lotte mart,2025-09-02,8,masterplanfrmn;Andrey Fedorchuk;Chanzharirie Murka
lotte mart,2025-09-03,0,
maxim coffee,2025-08-28,0,
maxim coffee,2025-08-29,0,
maxim coffee,2025-08-30,0,
maxim coffee,2025-08-31,1,Buzzzz shorts
maxim coffee,2025-09-01,0,
maxim coffee,2025-09-02,0,
maxim coffee,2025-09-03,0,
melona,2025-08-28,2,Newborn Monkey 2025;Strahd Creative
melona,2025-08-29,1,Strahd Creative
melona,2025-08-30,5,3C Huang;BICOLANANG ALLEY;SERLUK [ĞĞ®] [ĞĞĞĞ“Ğ¤]
melona,2025-08-31,6,JGS;ChariboPaper;tm34k
melona,2025-09-01,4,Rahul Kamat;ChariboPaper;Yusuf amp 1903
melona,2025-09-02,3,AndrÃ© Santtos Junior ;FutureBot
melona,2025-09-03,0,
milkis,2025-08-28,1,â˜…ğ“œğ“²ğ“µğ“´ğ“²ğ“¼â˜…
milkis,2025-08-29,1,Energation GetrÃ¤nke aus aller Welt
milkis,2025-08-30,3,Ummati Spread love;Ğ”Ğ˜Ğ›Ğ¨ĞĞ” 21 ğŸ¥·ğŸ»;Sonavith Media
milkis,2025-08-31,0,
milkis,2025-09-01,3,â˜†Milkisâ˜†;â˜†Milkis â˜†;chillmart
milkis,2025-09-02,3,ASHKAN SHOW;ĞšĞ°Ñ€Ğ°Ğ¼ĞµĞ»ÑŒĞºĞ° ĞĞ»Ñ–Ğ²Ñ–Ñ;â˜…ğ“œğ“²ğ“µğ“´ğ“²ğ“¼â˜…
milkis,2025-09-03,0,
nasoya,2025-08-28,0,
nasoya,2025-08-29,0,
nasoya,2025-08-30,0,
nasoya,2025-08-31,0,
nasoya,2025-09-01,0,
nasoya,2025-09-02,0,
nasoya,2025-09-03,0,
neoguri,2025-08-28,4,JK Red Family;tastyopen ì…ë§›ì—´ê¸°;K Trend Box
neoguri,2025-08-29,1,ì„œìˆ˜ ASMR SEOSU
neoguri,2025-08-30,2,ì„œìˆ˜ ASMR SEOSU;Mini ğŸ€
neoguri,2025-08-31,1,JAMES
neoguri,2025-09-01,4,ğ“’ğ“¸ğ“¶ğ“»ğ“ªğ“­ğ“® ğ“ğ“»ğ“² ğŸ‡°ğŸ‡µ;à¸„à¸¸à¹‰à¸¡à¸„à¹ˆà¸²à¸—à¸¸à¸à¸à¸²à¸£à¹ƒà¸Šà¹‰à¸ˆà¹ˆà¸²à¸¢à¸œà¹ˆà¸²à¸™à¸£à¹‰à¸²à¸™à¸„à¹‰à¸²à¸­à¸­à¸™à¹„à¸¥à¸™à¹Œ;rubineous
neoguri,2025-09-02,3,[Soyoubi] ì†Œìœ ë¹„;í‘¸ë“œê°€ì´ Foodguy;Olivia Gali
neoguri,2025-09-03,0,
nongshim,2025-08-28,13,smiling face channel ğŸ˜Š;AdrianWidjy;Vela
nongshim,2025-08-29,10,Challenger LoL Replays & VODS;ë¹µí„°ì§„ ì—„ë§ˆ;Loleventvods - LoL Esports: VODs & Montages
nongshim,2025-08-30,6,Immy;Hoa-ASMR;Mahnoor Lifestyle 
nongshim,2025-08-31,11,LCK;NS RedForce;Loleventvods - LoL Esports: VODs & Montages
nongshim,2025-09-01,11,HALL UNIK;à¸„à¸¸à¹‰à¸¡à¸„à¹ˆà¸²à¸—à¸¸à¸à¸à¸²à¸£à¹ƒà¸Šà¹‰à¸ˆà¹ˆà¸²à¸¢à¸œà¹ˆà¸²à¸™à¸£à¹‰à¸²à¸™à¸„à¹‰à¸²à¸­à¸­à¸™à¹„à¸¥à¸™à¹Œ;Just sharma things
nongshim,2025-09-02,13,irene kim ê¹€ì˜ˆë¦°;Immy;@el_aprendizz
nongshim,2025-09-03,1,Keshav vlogs
orion choco pie,2025-08-28,2,ëŸ­í‚¤ìŠ¤ì½”ë”© LuckyScoding;Little Candy World 
orion choco pie,2025-08-29,2,Kids Shorts Review;HÃ  Kiá»u 
orion choco pie,2025-08-30,0,
orion choco pie,2025-08-31,0,
orion choco pie,2025-09-01,0,
orion choco pie,2025-09-02,0,
orion choco pie,2025-09-03,0,
otoki,2025-08-28,1,Bls_bablu143
otoki,2025-08-29,2,It's Binh (Been) Repaired & Everything Reviewed;It's Binh (Been) Reviewed & More
otoki,2025-08-30,2,ChocoPro wrestling;ë¹µë˜
otoki,2025-08-31,3,Thomas Ruster;EnjoyWalking;3rd And Pearl
otoki,2025-09-01,2,ë¼ë©´ì •ë³µìí”¼í‚¤(ë¼ë©´ í‰ë¡ ê°€ ì§€ì˜ì¤€);Otoki Music 
otoki,2025-09-02,1,ê¹€ì¬ì¸
otoki,2025-09-03,0,
ottogi,2025-08-28,3,Sarang_Bap ë°¥ì‚¬ë‘;í™©ë£¨ë‹ˆ;Freespirit
ottogi,2025-08-29,1,Appa's Diary
ottogi,2025-08-30,1,ì˜¤ëŠ˜ë¼ë©´ Today's Ramyeon
ottogi,2025-08-31,0,
ottogi,2025-09-01,1,í™©ë£¨ë‹ˆ
ottogi,2025-09-02,2,Diana Sesarin;EIKEIKEAT
ottogi,2025-09-03,0,
paik's coffee,2025-08-28,0,
paik's coffee,2025-08-29,0,
paik's coffee,2025-08-30,0,
paik's coffee,2025-08-31,0,
paik's coffee,2025-09-01,0,
paik's coffee,2025-09-02,0,
paik's coffee,2025-09-03,0,
pepero,2025-08-28,10,Politikeo UM7BJ;El lado izquierdo EspaÃ±a;Arad Asmr
pepero,2025-08-29,14,ë§›ê¹”ìŠ¤íŠœë””ì˜¤ byë¡¯ë°ì›°í‘¸ë“œ;El lado izquierdo EspaÃ±a;Meow Skz
pepero,2025-08-30,9,Politikeo UM7BJ;Hyunjin's Universe;Xavigil Film
pepero,2025-08-31,2,CharrieTv;Alaina & Sophia ğŸ€
pepero,2025-09-01,6,Every dayâ€™s a bonus;Julia Montenegro;LDT talks
pepero,2025-09-02,3,Foodbawl;Lu with seven;Mr Boogie
pepero,2025-09-03,1,Munchies Flix
plantspired,2025-08-28,0,
plantspired,2025-08-29,0,
plantspired,2025-08-30,0,
plantspired,2025-08-31,0,
plantspired,2025-09-01,1,HOME GARDEN AND FASHION 
plantspired,2025-09-02,0,
plantspired,2025-09-03,0,
pulmuone,2025-08-28,0,
pulmuone,2025-08-29,0,
pulmuone,2025-08-30,0,
pulmuone,2025-08-31,0,
pulmuone,2025-09-01,0,
pulmuone,2025-09-02,1,KhoiLaa -With me here
pulmuone,2025-09-03,0,
red baron,2025-08-28,19,AKIK BATU PERMATA 4.0;Halika Official;AVigEllie
red baron,2025-08-29,8,Unboxin' Doxin;Bahay Galaga;Aaron's Trendy Eats
red baron,2025-08-30,19,Joey Whispers 1776 ;shela gemstone;RedBaronBandChannel RBB
red baron,2025-08-31,12,Emil Cosman;petak gemstone pacitan;toxicgas77
red baron,2025-09-01,12,History Inside;ãƒ¬ãƒƒãƒ‰ãƒãƒ­ãƒ³movie;ANDIK GEMS PIRUS
red baron,2025-09-02,7,Mark Edwards ;Major Tom;Alice Goss Travel
red baron,2025-09-03,2,FASTFOOD ANT;The Barron Brothers Podcast
samlip,2025-08-28,0,
samlip,2025-08-29,1,C-StoreWorker
samlip,2025-08-30,0,
samlip,2025-08-31,1,C-StoreWorker
samlip,2025-09-01,0,
samlip,2025-09-02,0,
samlip,2025-09-03,1,Woni
samyang,2025-08-28,62,Adi Dharma;Agusrabialdi;Mak mpom
samyang,2025-08-29,62,irene kim ê¹€ì˜ˆë¦°;Famditoca;à¹€à¸›à¸£à¸µà¸¢à¸§à¸¢à¸±à¸‡à¹„à¸¡à¹ˆà¹€à¸›à¸£à¸µà¹‰à¸¢à¸§
samyang,2025-08-30,41,Pak GM;Will n Win TV;Elfie Studios
samyang,2025-08-31,41,Gaby Jovita;Borhanda;Kamboti & Botet
samyang,2025-09-01,46,tanboy kun;Dew ASMR;Hoa-ASMR
samyang,2025-09-02,57,Gaby Jovita;Elfie Studios;Gratisaja TV
samyang,2025-09-03,9,Gratisaja TV;Bang Beni Channel;BALONE BLEDOS
sempio,2025-08-28,4,GOSSIP ITALIA 24;Scopri i segreti dei personaggi famosi;Luca Turla 
sempio,2025-08-29,9,Bugalalla Crime;Il Tempo;Canale 122 Fatti di Nera
sempio,2025-08-30,2,Scopri i segreti dei personaggi famosi;Dentro il Gossip
sempio,2025-08-31,1,Scopri i segreti dei personaggi famosi
sempio,2025-09-01,4,Storie & Cronaca;Sergio Spinnato;IL CANALE DEL LATO OSCURO
sempio,2025-09-02,6,Scopri i segreti dei personaggi famosi;Drama & Scoop;Storie & Cronaca
sempio,2025-09-03,0,
shin ramen,2025-08-28,11,Susanâ™¡;Immy;Lulu
shin ramen,2025-08-29,4,The Drunken Sommelier;ê¸°ì—…ë‰´ìŠ¤TV;Let Pete Cook
shin ramen,2025-08-30,4,Immy;Mahnoor Lifestyle ;KimHyeonSu
shin ramen,2025-08-31,10,it's ssay;KULU Eats;Aishwarya
shin ramen,2025-09-01,9,Munu the explorer ğŸŒ¸;cookingbylynn;Wana usa aha 
shin ramen,2025-09-02,9,irene kim ê¹€ì˜ˆë¦°;Immy;ì–´ë²™ëƒ ì´
shin ramen,2025-09-03,0,
shin ramyun,2025-08-28,17,AdrianWidjy;ì†Œì†Œë°±ê³¼;RamenClub
shin ramyun,2025-08-29,14,Koreanet;Anru Zhao;Beta Cooks Mummy Khush 
shin ramyun,2025-08-30,10,Viral-Experiencer;Immy;The HY
shin ramyun,2025-08-31,11,Pokmini;Moja Tasty ASMR;Aliciaâ€™s Kitchenå®¶å¸¸å¿«æ‰‹èœ
shin ramyun,2025-09-01,14,ğŸŒ»Sunny's Tubeâ˜€ï¸;Evangeline Rhee;Supermercado Otugui
shin ramyun,2025-09-02,14,Immy;@el_aprendizz;í™©ë£¨ë‹ˆ
shin ramyun,2025-09-03,0,
soon hari,2025-08-28,0,
soon hari,2025-08-29,0,
soon hari,2025-08-30,0,
soon hari,2025-08-31,1,Oneway
soon hari,2025-09-01,0,
soon hari,2025-09-02,0,
soon hari,2025-09-03,0,
starkist,2025-08-28,3,jason callan;That's life;Chell Be Chell T.V.
starkist,2025-08-29,1,Hogs Fan 4 Life
starkist,2025-08-30,1,Fake Commercials Ent
starkist,2025-08-31,0,
starkist,2025-09-01,0,
starkist,2025-09-02,2,OnlineDealDigger;Dana Stiggers Ramsey
starkist,2025-09-03,0,
terra beer,2025-08-28,0,
terra beer,2025-08-29,0,
terra beer,2025-08-30,0,
terra beer,2025-08-31,0,
terra beer,2025-09-01,0,
terra beer,2025-09-02,0,
terra beer,2025-09-03,0,
toomba,2025-08-28,1,Sahiblive
toomba,2025-08-29,1,Vaishali Khurana ğŸŒ¹
toomba,2025-08-30,1,Mahnoor Lifestyle 
toomba,2025-08-31,0,
toomba,2025-09-01,2,Lucas Hittesdorf;ì•¼ ì‹ 
toomba,2025-09-02,0,
toomba,2025-09-03,0,
turtle chips,2025-08-28,1,JONNY BLITZ FOOD REVIEW
turtle chips,2025-08-29,0,
turtle chips,2025-08-30,4,Hiprockdiva;Andy Shen;X$akaSmerfderty
turtle chips,2025-08-31,0,
turtle chips,2025-09-01,1,Tom Wang
turtle chips,2025-09-02,1,Uncle Ed
turtle chips,2025-09-03,0,
